,Date Of Stop,Time Of Stop,Description,Latitude,Longitude,Accident,Belts,Personal Injury,Property Damage,Fatal,Commercial License,Commercial Vehicle,Alcohol,Work Zone,Search Disposition,Search Outcome,Search Reason,Search Type,Search Arrest Reason,State,VehicleType,Year,Make,Model,Color,Violation Type,Contributed To Accident,Race,Gender,Driver City,Driver State,DL State,Arrest Type
0,4/30/23,01:57:00,DRIVING VEH. WHILE IMPAIRED BY ALCOHOL,39.149615,-77.23358667,No,No,No,No,No,No,No,No,No,Nothing,Arrest,Incident to Arrest,Both,Stop,MD,02 - Automobile,2003,HONDA,CIVIC,WHITE,Citation,False,HISPANIC,M,MONTGOMERY VILLAGE,MD,MD,B - Unmarked Patrol
1,4/30/23,01:57:00,DRIVING VEHICLE WHILE UNDER THE INFLUENCE OF ALCOHOL,39.149615,-77.23358667,No,No,No,No,No,No,No,No,No,Nothing,Arrest,Incident to Arrest,Both,Stop,MD,02 - Automobile,2003,HONDA,CIVIC,WHITE,Citation,False,HISPANIC,M,MONTGOMERY VILLAGE,MD,MD,B - Unmarked Patrol
2,4/30/23,01:57:00,DRIVING VEHICLE WHILE UNDER THE INFLUENCE OF ALCOHOL PER SE,39.149615,-77.23358667,No,No,No,No,No,No,No,No,No,Nothing,Arrest,Incident to Arrest,Both,Stop,MD,02 - Automobile,2003,HONDA,CIVIC,WHITE,Citation,False,HISPANIC,M,MONTGOMERY VILLAGE,MD,MD,B - Unmarked Patrol
3,4/30/23,01:57:00,"NEGLIGENT DRIVING VEHICLE IN CARELESS AND IMPRUDENT MANNER ENDANGERING PROPERTY, LIFE AND PERSON",39.149615,-77.23358667,No,No,No,No,No,No,No,No,No,Nothing,Arrest,Incident to Arrest,Both,Stop,MD,02 - Automobile,2003,HONDA,CIVIC,WHITE,Citation,False,HISPANIC,M,MONTGOMERY VILLAGE,MD,MD,B - Unmarked Patrol
4,4/30/23,01:57:00,RECKLESS DRIVING VEHICLE IN WANTON AND WILLFUL DISREGARD FOR SAFETY OF PERSONS AND PROPERTY,39.149615,-77.23358667,No,No,No,No,No,No,No,No,No,Nothing,Arrest,Incident to Arrest,Both,Stop,MD,02 - Automobile,2003,HONDA,CIVIC,WHITE,Citation,False,HISPANIC,M,MONTGOMERY VILLAGE,MD,MD,B - Unmarked Patrol
5,4/30/23,01:57:00,DRIVER FAILURE TO OBEY PROPERLY PLACED TRAFFIC CONTROL DEVICE INSTRUCTIONS,39.149615,-77.23358667,No,No,No,No,No,No,No,No,No,Nothing,Arrest,Incident to Arrest,Both,Stop,MD,02 - Automobile,2003,HONDA,CIVIC,WHITE,Citation,False,HISPANIC,M,MONTGOMERY VILLAGE,MD,MD,B - Unmarked Patrol
6,4/30/23,01:57:00,FAILURE TO DRIVE VEHICLE ON RIGHT HALF OF ROADWAY WHEN REQUIRED,39.149615,-77.23358667,No,No,No,No,No,No,No,No,No,Nothing,Arrest,Incident to Arrest,Both,Stop,MD,02 - Automobile,2003,HONDA,CIVIC,WHITE,Citation,False,HISPANIC,M,MONTGOMERY VILLAGE,MD,MD,B - Unmarked Patrol
7,4/30/23,01:57:00,DRIVING MOTOR VEHICLE ON HIGHWAY WITHOUT REQUIRED LICENSE AND AUTHORIZATION,39.149615,-77.23358667,No,No,No,No,No,No,No,No,No,Nothing,Arrest,Incident to Arrest,Both,Stop,MD,02 - Automobile,2003,HONDA,CIVIC,WHITE,Citation,False,HISPANIC,M,MONTGOMERY VILLAGE,MD,MD,B - Unmarked Patrol
8,5/2/23,19:57:00,"DRIVING, TO DRIVE MOTOR VEHICLE ON HIGHWAY WITHOUT REQUIRED LICENSE AND AUTHORIZATION",39.15732367,-77.21209083,No,No,No,No,No,No,No,No,No,Nothing,Arrest,Consensual,Both,Warrant,VA,02 - Automobile,1999,MAZDA,4D,BRONZE,Warning,False,HISPANIC,M,ROCKVILLE,MD,MD,A - Marked Patrol
9,5/2/23,19:57:00,DRIVING VEHICLE ON HIGHWAY WITHOUT CURRENT REGISTRATION PLATES AND VALIDATION TABS,39.15732367,-77.21209083,No,No,No,No,No,No,No,No,No,Nothing,Arrest,Consensual,Both,Warrant,VA,02 - Automobile,1999,MAZDA,4D,BRONZE,Warning,False,HISPANIC,M,ROCKVILLE,MD,MD,A - Marked Patrol
10,5/2/23,19:57:00,OPERATING UNREGISTERED MOTOR VEHICLE ON HIGHWAY,39.15732367,-77.21209083,No,No,No,No,No,No,No,No,No,Nothing,Arrest,Consensual,Both,Warrant,VA,02 - Automobile,1999,MAZDA,4D,BRONZE,Warning,False,HISPANIC,M,ROCKVILLE,MD,MD,A - Marked Patrol
11,5/2/23,19:57:00,OPERATING VEHICLE ON HIGHWAY WITH UNAUTHORIZED WINDOW TINTING MATERIAL,39.15732367,-77.21209083,No,No,No,No,No,No,No,No,No,Nothing,Arrest,Consensual,Both,Warrant,VA,02 - Automobile,1999,MAZDA,4D,BRONZE,Warning,False,HISPANIC,M,ROCKVILLE,MD,MD,A - Marked Patrol
12,5/6/23,06:27:00,DRIVING VEHICLE WHILE UNDER THE INFLUENCE OF ALCOHOL PER SE,38.99585,-77.02810933,No,No,No,No,No,No,No,No,No,Property Only,Arrest,Incident to Arrest,Property,Stop,MD,02 - Automobile,2020,HONDA,CIVIC,GRAY,Citation,False,WHITE,M,SILVER SPRING,MD,MD,A - Marked Patrol
13,5/6/23,06:27:00,DRIVING VEHICLE WHILE UNDER THE INFLUENCE OF ALCOHOL,38.99585,-77.02810933,No,No,No,No,No,No,No,No,No,Property Only,Arrest,Incident to Arrest,Property,Stop,MD,02 - Automobile,2020,HONDA,CIVIC,GRAY,Citation,False,WHITE,M,SILVER SPRING,MD,MD,A - Marked Patrol
14,5/6/23,06:27:00,DRIVING VEH. WHILE IMPAIRED BY ALCOHOL,38.99585,-77.02810933,No,No,No,No,No,No,No,No,No,Property Only,Arrest,Incident to Arrest,Property,Stop,MD,02 - Automobile,2020,HONDA,CIVIC,GRAY,Citation,False,WHITE,M,SILVER SPRING,MD,MD,A - Marked Patrol
15,5/6/23,06:27:00,"NEGLIGENT DRIVING VEHICLE IN CARELESS AND IMPRUDENT MANNER ENDANGERING PROPERTY, LIFE AND PERSON",38.99585,-77.02810933,No,No,No,No,No,No,No,No,No,Property Only,Arrest,Incident to Arrest,Property,Stop,MD,02 - Automobile,2020,HONDA,CIVIC,GRAY,Citation,False,WHITE,M,SILVER SPRING,MD,MD,A - Marked Patrol
16,5/6/23,06:27:00,RECKLESS DRIVING VEHICLE IN WANTON AND WILLFUL DISREGARD FOR SAFETY OF PERSONS AND PROPERTY,38.99585,-77.02810933,No,No,No,No,No,No,No,No,No,Property Only,Arrest,Incident to Arrest,Property,Stop,MD,02 - Automobile,2020,HONDA,CIVIC,GRAY,Citation,False,WHITE,M,SILVER SPRING,MD,MD,A - Marked Patrol
17,5/6/23,06:27:00,DRIVER FAIL TO MAKE REQUIRED STOP AT PAVEMENT MARK,38.99585,-77.02810933,No,No,No,No,No,No,No,No,No,Property Only,Arrest,Incident to Arrest,Property,Stop,MD,02 - Automobile,2020,HONDA,CIVIC,GRAY,Citation,False,WHITE,M,SILVER SPRING,MD,MD,A - Marked Patrol
18,5/7/23,20:43:00,DRIVING VEHICLE ON HIGHWAY WITH SUSPENDED REGISTRATION,0.0,0.0,No,No,No,No,No,No,No,No,No,Contraband and Property,Arrest,Probable Cause,Both,Search,MD,02 - Automobile,2000,TOYOTA,AVALON,SILVER,Citation,False,BLACK,M,SILVER SPRING,MD,MD,A - Marked Patrol
19,5/7/23,20:43:00,DRIVER FAILURE TO STOP AT STEADY CIRCULAR RED SIGNAL,0.0,0.0,No,No,No,No,No,No,No,No,No,Contraband and Property,Arrest,Probable Cause,Both,Search,MD,02 - Automobile,2000,TOYOTA,AVALON,SILVER,Citation,False,BLACK,M,SILVER SPRING,MD,MD,A - Marked Patrol
20,5/7/23,20:43:00,PERSON DRIVING MOTOR VEHICLE ON HIGHWAY OR PUBLIC USE PROPERTY ON SUSPENDED LICENSE AND PRIVILEGE,0.0,0.0,No,No,No,No,No,No,No,No,No,Contraband and Property,Arrest,Probable Cause,Both,Search,MD,02 - Automobile,2000,TOYOTA,AVALON,SILVER,Citation,False,BLACK,M,SILVER SPRING,MD,MD,A - Marked Patrol
21,5/7/23,20:43:00,DRIVER FAILURE TO STOP AT STOP SIGN LINE,0.0,0.0,No,No,No,No,No,No,No,No,No,Contraband and Property,Arrest,Probable Cause,Both,Search,MD,02 - Automobile,2000,TOYOTA,AVALON,SILVER,Citation,False,BLACK,M,SILVER SPRING,MD,MD,A - Marked Patrol
22,5/7/23,09:21:00,DRIVING VEHICLE WHILE UNDER THE INFLUENCE OF ALCOHOL,0.0,0.0,No,No,No,No,No,No,No,No,No,Property Only,Arrest,Incident to Arrest,Both,Stop,MD,02 - Automobile,2012,HONDA,CIVIC,SILVER,Citation,False,BLACK,M,GAITHERSBURG,MD,MD,A - Marked Patrol
23,5/7/23,09:21:00,DRIVING VEH. WHILE IMPAIRED BY ALCOHOL,0.0,0.0,No,No,No,No,No,No,No,No,No,Property Only,Arrest,Incident to Arrest,Both,Stop,MD,02 - Automobile,2012,HONDA,CIVIC,SILVER,Citation,False,BLACK,M,GAITHERSBURG,MD,MD,A - Marked Patrol
24,5/7/23,09:21:00,DRIVER CHANGING LANES WHEN UNSAFE,0.0,0.0,No,No,No,No,No,No,No,No,No,Property Only,Arrest,Incident to Arrest,Both,Stop,MD,02 - Automobile,2012,HONDA,CIVIC,SILVER,Citation,False,BLACK,M,GAITHERSBURG,MD,MD,A - Marked Patrol
25,5/7/23,09:21:00,FAILURE TO DRIVE VEHICLE ON RIGHT HALF OF ROADWAY WHEN REQUIRED,0.0,0.0,No,No,No,No,No,No,No,No,No,Property Only,Arrest,Incident to Arrest,Both,Stop,MD,02 - Automobile,2012,HONDA,CIVIC,SILVER,Citation,False,BLACK,M,GAITHERSBURG,MD,MD,A - Marked Patrol
26,5/10/23,09:11:00,DRIVER FAILURE TO OBEY PROPERLY PLACED TRAFFIC CONTROL DEVICE INSTRUCTIONS,39.05661183,-77.07343683,No,No,No,No,No,No,No,No,No,Contraband Only,Arrest,Probable Cause,Property,Other,MD,02 - Automobile,2020,TOYOTA,CAMERY,BLACK,Warning,False,BLACK,M,OXON HILL,MD,MD,A - Marked Patrol
27,5/10/23,09:11:00,DRIVING TO DRIVE MOTOR VEHICLE ON HIGHWAY WITHOUT REQUIRED LICENSE AND AUTHORIZATION,39.05661183,-77.07343683,No,No,No,No,No,No,No,No,No,Contraband Only,Arrest,Probable Cause,Property,Other,MD,02 - Automobile,2020,TOYOTA,CAMERY,BLACK,Warning,False,BLACK,M,OXON HILL,MD,MD,A - Marked Patrol
28,5/11/23,02:08:00,DRIVING VEH. WHILE IMPAIRED BY ALCOHOL,39.14974,-77.23369333,No,No,No,No,No,No,No,No,No,Nothing,Arrest,Incident to Arrest,Both,Stop,MD,02 - Automobile,2020,HONDA,PILOT,WHITE,Citation,False,HISPANIC,M,MONTGOMERY VILLAGE,MD,MD,B - Unmarked Patrol
29,5/11/23,02:08:00,DRIVING VEHICLE WHILE UNDER THE INFLUENCE OF ALCOHOL,39.14974,-77.23369333,No,No,No,No,No,No,No,No,No,Nothing,Arrest,Incident to Arrest,Both,Stop,MD,02 - Automobile,2020,HONDA,PILOT,WHITE,Citation,False,HISPANIC,M,MONTGOMERY VILLAGE,MD,MD,B - Unmarked Patrol
30,5/11/23,02:08:00,DRIVING VEHICLE WHILE UNDER THE INFLUENCE OF ALCOHOL PER SE,39.14974,-77.23369333,No,No,No,No,No,No,No,No,No,Nothing,Arrest,Incident to Arrest,Both,Stop,MD,02 - Automobile,2020,HONDA,PILOT,WHITE,Citation,False,HISPANIC,M,MONTGOMERY VILLAGE,MD,MD,B - Unmarked Patrol
31,5/11/23,02:08:00,"NEGLIGENT DRIVING VEHICLE IN CARELESS AND IMPRUDENT MANNER ENDANGERING PROPERTY, LIFE AND PERSON",39.14974,-77.23369333,No,No,No,No,No,No,No,No,No,Nothing,Arrest,Incident to Arrest,Both,Stop,MD,02 - Automobile,2020,HONDA,PILOT,WHITE,Citation,False,HISPANIC,M,MONTGOMERY VILLAGE,MD,MD,B - Unmarked Patrol
32,5/11/23,02:08:00,RECKLESS DRIVING VEHICLE IN WANTON AND WILLFUL DISREGARD FOR SAFETY OF PERSONS AND PROPERTY,39.14974,-77.23369333,No,No,No,No,No,No,No,No,No,Nothing,Arrest,Incident to Arrest,Both,Stop,MD,02 - Automobile,2020,HONDA,PILOT,WHITE,Citation,False,HISPANIC,M,MONTGOMERY VILLAGE,MD,MD,B - Unmarked Patrol
33,5/11/23,02:08:00,DRIVER FAILURE TO OBEY PROPERLY PLACED TRAFFIC CONTROL DEVICE INSTRUCTIONS,39.14974,-77.23369333,No,No,No,No,No,No,No,No,No,Nothing,Arrest,Incident to Arrest,Both,Stop,MD,02 - Automobile,2020,HONDA,PILOT,WHITE,Citation,False,HISPANIC,M,MONTGOMERY VILLAGE,MD,MD,B - Unmarked Patrol
34,5/11/23,02:08:00,DRIVER FAILURE TO STOP AT STEADY CIRCULAR RED SIGNAL,39.14974,-77.23369333,No,No,No,No,No,No,No,No,No,Nothing,Arrest,Incident to Arrest,Both,Stop,MD,02 - Automobile,2020,HONDA,PILOT,WHITE,Citation,False,HISPANIC,M,MONTGOMERY VILLAGE,MD,MD,B - Unmarked Patrol
35,5/11/23,02:08:00,DRIVER CHANGING LANES WHEN UNSAFE,39.14974,-77.23369333,No,No,No,No,No,No,No,No,No,Nothing,Arrest,Incident to Arrest,Both,Stop,MD,02 - Automobile,2020,HONDA,PILOT,WHITE,Citation,False,HISPANIC,M,MONTGOMERY VILLAGE,MD,MD,B - Unmarked Patrol
36,5/11/23,00:59:00,DRIVING VEH WHILE SO FAR IMPAIRED BY DRUGS CANNOT DRIVE SAFELY,39.055595,-77.14965667,No,No,No,No,No,No,No,No,No,Contraband and Property,Arrest,Incident to Arrest,Both,Stop,MD,02 - Automobile,2016,AUDI,A3,BLACK,Citation,False,HISPANIC,F,ROCKVILLE,MD,MD,B - Unmarked Patrol
37,5/11/23,00:59:00,DRIVING VEH. WHILE IMPAIRED BY A CONTROLLED DANGEROUS SUBSTANCE,39.055595,-77.14965667,No,No,No,No,No,No,No,No,No,Contraband and Property,Arrest,Incident to Arrest,Both,Stop,MD,02 - Automobile,2016,AUDI,A3,BLACK,Citation,False,HISPANIC,F,ROCKVILLE,MD,MD,B - Unmarked Patrol
38,5/11/23,00:59:00,"NEGLIGENT DRIVING VEHICLE IN CARELESS AND IMPRUDENT MANNER ENDANGERING PROPERTY, LIFE AND PERSON",39.055595,-77.14965667,No,No,No,No,No,No,No,No,No,Contraband and Property,Arrest,Incident to Arrest,Both,Stop,MD,02 - Automobile,2016,AUDI,A3,BLACK,Citation,False,HISPANIC,F,ROCKVILLE,MD,MD,B - Unmarked Patrol
39,5/11/23,00:59:00,RECKLESS DRIVING VEHICLE IN WANTON AND WILLFUL DISREGARD FOR SAFETY OF PERSONS AND PROPERTY,39.055595,-77.14965667,No,No,No,No,No,No,No,No,No,Contraband and Property,Arrest,Incident to Arrest,Both,Stop,MD,02 - Automobile,2016,AUDI,A3,BLACK,Citation,False,HISPANIC,F,ROCKVILLE,MD,MD,B - Unmarked Patrol
40,5/11/23,00:59:00,DRIVER FAILURE TO OBEY PROPERLY PLACED TRAFFIC CONTROL DEVICE INSTRUCTIONS,39.055595,-77.14965667,No,No,No,No,No,No,No,No,No,Contraband and Property,Arrest,Incident to Arrest,Both,Stop,MD,02 - Automobile,2016,AUDI,A3,BLACK,Citation,False,HISPANIC,F,ROCKVILLE,MD,MD,B - Unmarked Patrol
41,5/11/23,00:59:00,DRIVER CHANGING LANES WHEN UNSAFE,39.055595,-77.14965667,No,No,No,No,No,No,No,No,No,Contraband and Property,Arrest,Incident to Arrest,Both,Stop,MD,02 - Automobile,2016,AUDI,A3,BLACK,Citation,False,HISPANIC,F,ROCKVILLE,MD,MD,B - Unmarked Patrol
42,5/11/23,00:59:00,EXCEEDING POSTED MAXIMUM SPEED LIMIT: 90 MPH IN A POSTED 55 MPH ZONE,39.055595,-77.14965667,No,No,No,No,No,No,No,No,No,Contraband and Property,Arrest,Incident to Arrest,Both,Stop,MD,02 - Automobile,2016,AUDI,A3,BLACK,Citation,False,HISPANIC,F,ROCKVILLE,MD,MD,B - Unmarked Patrol
43,5/11/23,00:59:00,DRIVING VEHICLE IN EXCESS OF REASONABLE AND PRUDENT SPEED ON HIGHWAY 90/55,39.055595,-77.14965667,No,No,No,No,No,No,No,No,No,Contraband and Property,Arrest,Incident to Arrest,Both,Stop,MD,02 - Automobile,2016,AUDI,A3,BLACK,Citation,False,HISPANIC,F,ROCKVILLE,MD,MD,B - Unmarked Patrol
44,5/13/23,01:36:00,DRIVING VEH. NOT EQUIPPED WITH AN IGNITION INTERLOCK AS REQUIRED BY PROGRAM,39.18427517,-77.26333333,No,No,No,No,No,No,No,No,No,Contraband Only,Arrest,Incident to Arrest,Both,Other,MD,02 - Automobile,2015,FORD,EXPLORER,BLACK,Citation,False,HISPANIC,M,DAMASCUS,MD,MD,A - Marked Patrol
45,5/13/23,01:36:00,DRIVING VEHICLE IN VIOLATION OF RESTRICTED LICENSE REQUIREMENT,39.18427517,-77.26333333,No,No,No,No,No,No,No,No,No,Contraband Only,Arrest,Incident to Arrest,Both,Other,MD,02 - Automobile,2015,FORD,EXPLORER,BLACK,Citation,False,HISPANIC,M,DAMASCUS,MD,MD,A - Marked Patrol
46,5/13/23,09:20:00,FAILURE TO DRIVE VEHICLE ON RIGHT HALF OF ROADWAY WHEN REQUIRED,39.069325,-77.161815,No,No,No,No,No,No,No,No,No,Contraband and Property,Arrest,Incident to Arrest,Both,Stop,NY,02 - Automobile,2021,TOYOTA,RAV4,SILVER,Citation,False,HISPANIC,M,LANHAM,MD,MD,B - Unmarked Patrol
47,5/13/23,09:20:00,DRIVER FAILURE TO STOP AT STEADY CIRCULAR RED SIGNAL,39.069325,-77.161815,No,No,No,No,No,No,No,No,No,Contraband and Property,Arrest,Incident to Arrest,Both,Stop,NY,02 - Automobile,2021,TOYOTA,RAV4,SILVER,Citation,False,HISPANIC,M,LANHAM,MD,MD,B - Unmarked Patrol
48,5/13/23,09:20:00,DRIVER FAIL TO STOP AT STEADY CIRCULAR RED SIGNAL,39.069325,-77.161815,No,No,No,No,No,No,No,No,No,Contraband and Property,Arrest,Incident to Arrest,Both,Stop,NY,02 - Automobile,2021,TOYOTA,RAV4,SILVER,Citation,False,HISPANIC,M,LANHAM,MD,MD,B - Unmarked Patrol
49,5/13/23,09:20:00,DRIVER CHANGING LANES WHEN UNSAFE,39.069325,-77.161815,No,No,No,No,No,No,No,No,No,Contraband and Property,Arrest,Incident to Arrest,Both,Stop,NY,02 - Automobile,2021,TOYOTA,RAV4,SILVER,Citation,False,HISPANIC,M,LANHAM,MD,MD,B - Unmarked Patrol
50,5/13/23,09:20:00,DRIVE ACROSS PRIVATE PROPERTY FOR THE PURPOSE OF AVOIDING TRAFFIC CONTROL DEVICE,39.069325,-77.161815,No,No,No,No,No,No,No,No,No,Contraband and Property,Arrest,Incident to Arrest,Both,Stop,NY,02 - Automobile,2021,TOYOTA,RAV4,SILVER,Citation,False,HISPANIC,M,LANHAM,MD,MD,B - Unmarked Patrol
51,5/13/23,09:20:00,EXCEEDING POSTED MAXIMUM SPEED LIMIT: 90 MPH IN A POSTED 35 MPH ZONE,39.069325,-77.161815,No,No,No,No,No,No,No,No,No,Contraband and Property,Arrest,Incident to Arrest,Both,Stop,NY,02 - Automobile,2021,TOYOTA,RAV4,SILVER,Citation,False,HISPANIC,M,LANHAM,MD,MD,B - Unmarked Patrol
52,5/13/23,09:20:00,FAILURE OF DRIVER TO STOP UPON APPROACH BY POLICE VEH. USING SIGNALS,39.069325,-77.161815,No,No,No,No,No,No,No,No,No,Contraband and Property,Arrest,Incident to Arrest,Both,Stop,NY,02 - Automobile,2021,TOYOTA,RAV4,SILVER,Citation,False,HISPANIC,M,LANHAM,MD,MD,B - Unmarked Patrol
53,5/13/23,09:20:00,FAILURE OF DRIVER TO DRIVE TO CURB UPON SIGNAL BY POLICE VEH.,39.069325,-77.161815,No,No,No,No,No,No,No,No,No,Contraband and Property,Arrest,Incident to Arrest,Both,Stop,NY,02 - Automobile,2021,TOYOTA,RAV4,SILVER,Citation,False,HISPANIC,M,LANHAM,MD,MD,B - Unmarked Patrol
54,5/13/23,09:20:00,ATTEMPT BY DRIVER TO ELUDE UNIFORMED POLICE BY FAILING TO STOP,39.069325,-77.161815,No,No,No,No,No,No,No,No,No,Contraband and Property,Arrest,Incident to Arrest,Both,Stop,NY,02 - Automobile,2021,TOYOTA,RAV4,SILVER,Citation,False,HISPANIC,M,LANHAM,MD,MD,B - Unmarked Patrol
55,5/13/23,09:20:00,ATTEMPT BY DRIVER TO ELUDE UNIFORMED POLICE BY FLEEING ON FOOT,39.069325,-77.161815,No,No,No,No,No,No,No,No,No,Contraband and Property,Arrest,Incident to Arrest,Both,Stop,NY,02 - Automobile,2021,TOYOTA,RAV4,SILVER,Citation,False,HISPANIC,M,LANHAM,MD,MD,B - Unmarked Patrol
56,5/13/23,09:20:00,ATTEMPT BY DRIVER TO ELUDE POLICE IN OFFICIAL POLICE VEHICLE BY FAILING TO STOP,39.069325,-77.161815,No,No,No,No,No,No,No,No,No,Contraband and Property,Arrest,Incident to Arrest,Both,Stop,NY,02 - Automobile,2021,TOYOTA,RAV4,SILVER,Citation,False,HISPANIC,M,LANHAM,MD,MD,B - Unmarked Patrol
57,5/13/23,09:20:00,ATTEMPT BY DRIVER TO ELUDE POLICE IN OFFICIAL POLICE VEH. BY FLEEING ON FOOT,39.069325,-77.161815,No,No,No,No,No,No,No,No,No,Contraband and Property,Arrest,Incident to Arrest,Both,Stop,NY,02 - Automobile,2021,TOYOTA,RAV4,SILVER,Citation,False,HISPANIC,M,LANHAM,MD,MD,B - Unmarked Patrol
58,5/13/23,09:20:00,"NEGLIGENT DRIVING VEHICLE IN CARELESS AND IMPRUDENT MANNER ENDANGERING PROPERTY, LIFE AND PERSON",39.069325,-77.161815,No,No,No,No,No,No,No,No,No,Contraband and Property,Arrest,Incident to Arrest,Both,Stop,NY,02 - Automobile,2021,TOYOTA,RAV4,SILVER,Citation,False,HISPANIC,M,LANHAM,MD,MD,B - Unmarked Patrol
59,5/13/23,09:20:00,RECKLESS DRIVING VEHICLE IN WANTON AND WILLFUL DISREGARD FOR SAFETY OF PERSONS AND PROPERTY,39.069325,-77.161815,No,No,No,No,No,No,No,No,No,Contraband and Property,Arrest,Incident to Arrest,Both,Stop,NY,02 - Automobile,2021,TOYOTA,RAV4,SILVER,Citation,False,HISPANIC,M,LANHAM,MD,MD,B - Unmarked Patrol
60,5/13/23,09:20:00,DRIVING VEH IN EXCESS OF REASONABLE AND PRUDENT SPEED ON HWY,39.069325,-77.161815,No,No,No,No,No,No,No,No,No,Contraband and Property,Arrest,Incident to Arrest,Both,Stop,NY,02 - Automobile,2021,TOYOTA,RAV4,SILVER,Citation,False,HISPANIC,M,LANHAM,MD,MD,B - Unmarked Patrol
61,5/13/23,09:20:00,FAILURE TO DRIVE ON RIGHT HAND ROADWAY OF DIVIDED HWY,39.069325,-77.161815,No,No,No,No,No,No,No,No,No,Contraband and Property,Arrest,Incident to Arrest,Both,Stop,NY,02 - Automobile,2021,TOYOTA,RAV4,SILVER,Citation,False,HISPANIC,M,LANHAM,MD,MD,B - Unmarked Patrol
62,5/13/23,09:20:00,CAUSING STANDING VEH. TO OBSTRUCT FREE VEH. PASSAGE OF ROADWAY,39.069325,-77.161815,No,No,No,No,No,No,No,No,No,Contraband and Property,Arrest,Incident to Arrest,Both,Stop,NY,02 - Automobile,2021,TOYOTA,RAV4,SILVER,Citation,False,HISPANIC,M,LANHAM,MD,MD,B - Unmarked Patrol
63,5/13/23,09:20:00,DRIVING  MOTOR VEHICLE ON HIGHWAY WITHOUT REQUIRED LICENSE AND AUTHORIZATION,39.069325,-77.161815,No,No,No,No,No,No,No,No,No,Contraband and Property,Arrest,Incident to Arrest,Both,Stop,NY,02 - Automobile,2021,TOYOTA,RAV4,SILVER,Citation,False,HISPANIC,M,LANHAM,MD,MD,B - Unmarked Patrol
64,5/12/23,07:35:00,DRIVING VEHICLE WHILE UNDER THE INFLUENCE OF ALCOHOL,38.99374233,-77.02566683,No,No,No,No,No,No,No,No,No,Property Only,Arrest,Incident to Arrest,Both,Stop,MD,02 - Automobile,2012,PORSCHE,PANAMERA,WHITE,Citation,False,BLACK,M,CLINTON,MD,MD,A - Marked Patrol
65,5/12/23,07:35:00,DRIVING VEH. WHILE IMPAIRED BY ALCOHOL,38.99374233,-77.02566683,No,No,No,No,No,No,No,No,No,Property Only,Arrest,Incident to Arrest,Both,Stop,MD,02 - Automobile,2012,PORSCHE,PANAMERA,WHITE,Citation,False,BLACK,M,CLINTON,MD,MD,A - Marked Patrol
66,5/12/23,07:35:00,"NEGLIGENT DRIVING VEHICLE IN CARELESS AND IMPRUDENT MANNER ENDANGERING PROPERTY, LIFE AND PERSON",38.99374233,-77.02566683,No,No,No,No,No,No,No,No,No,Property Only,Arrest,Incident to Arrest,Both,Stop,MD,02 - Automobile,2012,PORSCHE,PANAMERA,WHITE,Citation,False,BLACK,M,CLINTON,MD,MD,A - Marked Patrol
67,5/12/23,07:35:00,RECKLESS DRIVING VEHICLE IN WANTON AND WILLFUL DISREGARD FOR SAFETY OF PERSONS AND PROPERTY,38.99374233,-77.02566683,No,No,No,No,No,No,No,No,No,Property Only,Arrest,Incident to Arrest,Both,Stop,MD,02 - Automobile,2012,PORSCHE,PANAMERA,WHITE,Citation,False,BLACK,M,CLINTON,MD,MD,A - Marked Patrol
68,5/17/23,21:49:00,DRIVING VEHICLE WHILE UNDER THE INFLUENCE OF ALCOHOL,39.05524,-77.04641333,Yes,No,No,Yes,No,No,No,No,No,Nothing,Arrest,Incident to Arrest,Person,Stop,MD,02 - Automobile,2011,TOYOTA,HIGHLANDER,GRAY,Citation,True,HISPANIC,M,SILVER SPRING,MD,MD,A - Marked Patrol
69,5/17/23,21:49:00,DRIVING VEHICLE WHILE UNDER THE INFLUENCE OF ALCOHOL PER SE,39.05524,-77.04641333,Yes,No,No,Yes,No,No,No,No,No,Nothing,Arrest,Incident to Arrest,Person,Stop,MD,02 - Automobile,2011,TOYOTA,HIGHLANDER,GRAY,Citation,True,HISPANIC,M,SILVER SPRING,MD,MD,A - Marked Patrol
70,5/17/23,21:49:00,DRIVING VEH. WHILE IMPAIRED BY ALCOHOL,39.05524,-77.04641333,Yes,No,No,Yes,No,No,No,No,No,Nothing,Arrest,Incident to Arrest,Person,Stop,MD,02 - Automobile,2011,TOYOTA,HIGHLANDER,GRAY,Citation,True,HISPANIC,M,SILVER SPRING,MD,MD,A - Marked Patrol
71,5/17/23,21:49:00,FAILURE TO CONTROL VEHICLE SPEED ON HIGHWAY TO AVOID COLLISION,39.05524,-77.04641333,Yes,No,No,Yes,No,No,No,No,No,Nothing,Arrest,Incident to Arrest,Person,Stop,MD,02 - Automobile,2011,TOYOTA,HIGHLANDER,GRAY,Citation,True,HISPANIC,M,SILVER SPRING,MD,MD,A - Marked Patrol
72,5/17/23,19:59:00,EXCEEDING THE POSTED SPEED LIMIT OF 25 MPH,0.0,0.0,No,No,No,No,No,No,No,No,No,Contraband Only,Arrest,K-9,Both,Search,TX,02 - Automobile,2016,CHEVROLET,EQUINOX,"BLUE, DARK",Warning,False,WHITE,F,MONTGOMERY VILLAGE,MD,MD,A - Marked Patrol
73,5/17/23,19:59:00,FAILURE TO DISPLAY REGISTRATION CARD UPON DEMAND BY POLICE OFFICER,0.0,0.0,No,No,No,No,No,No,No,No,No,Contraband Only,Arrest,K-9,Both,Search,TX,02 - Automobile,2016,CHEVROLET,EQUINOX,"BLUE, DARK",Warning,False,WHITE,F,MONTGOMERY VILLAGE,MD,MD,A - Marked Patrol
74,5/16/23,23:23:00,DRIVE ACROSS PRIVATE PROPERTY FOR THE PURPOSE OF AVOIDING TRAFFIC CONTROL DEVICE,39.00059548,-77.0254824,No,No,No,No,No,No,No,No,No,Contraband Only,Arrest,Consensual,Both,Search,MD,02 - Automobile,2005,HONDA,PILOT,BLUE,Warning,False,HISPANIC,M,HYATTSVILLE,MD,MD,A - Marked Patrol
75,5/18/23,16:54:00,DRIVING MOTOR VEHICLE ON HIGHWAY WITHOUT REQUIRED LICENSE AND AUTHORIZATION,39.05719167,-77.07273833,No,No,No,No,No,No,No,No,No,Nothing,Arrest,Incident to Arrest,Person,Warrant,MD,02 - Automobile,2006,HOND,SD,GRAY,Citation,False,HISPANIC,M,SILVER SPRING,MD,MD,A - Marked Patrol
76,5/19/23,12:38:00,PERSON DRIVING MOTOR VEHICLE ON HIGHWAY OR PUBLIC USE PROPERTY ON SUSPENDED LICENSE AND PRIVILEGE,39.05872167,-77.06973833,No,No,No,No,No,No,No,No,No,Nothing,Arrest,Probable Cause,Both,Warrant,MD,02 - Automobile,2016,CHEVY,CRUZE,BLACK,Citation,False,BLACK,M,SILVER SPRING,MD,MD,A - Marked Patrol
77,5/19/23,12:38:00,"DRIVING WHILE LIC. SUSP. UNDER 16-203, 16-206A2 FAIL TO ATTEND DIP, 17-106, 26-204/206, 27-103",39.05872167,-77.06973833,No,No,No,No,No,No,No,No,No,Nothing,Arrest,Probable Cause,Both,Warrant,MD,02 - Automobile,2016,CHEVY,CRUZE,BLACK,Citation,False,BLACK,M,SILVER SPRING,MD,MD,A - Marked Patrol
78,5/19/23,00:57:00,FAILURE TO CONTROL VEHICLE SPEED ON HIGHWAY TO AVOID COLLISION,39.04690333,-76.985515,No,No,No,No,No,No,No,No,No,Contraband and Property,Arrest,Incident to Arrest,Both,Stop,MD,02 - Automobile,2000,FORD,F350,WHITE,Citation,False,HISPANIC,M,GLENN DALE,MD,MD,A - Marked Patrol
79,5/19/23,00:57:00,DRIVING VEHICLE WHILE UNDER THE INFLUENCE OF ALCOHOL,39.04690333,-76.985515,No,No,No,No,No,No,No,No,No,Contraband and Property,Arrest,Incident to Arrest,Both,Stop,MD,02 - Automobile,2000,FORD,F350,WHITE,Citation,False,HISPANIC,M,GLENN DALE,MD,MD,A - Marked Patrol
80,5/19/23,00:57:00,"NEGLIGENT DRIVING VEHICLE IN CARELESS AND IMPRUDENT MANNER ENDANGERING PROPERTY, LIFE AND PERSON",39.04690333,-76.985515,No,No,No,No,No,No,No,No,No,Contraband and Property,Arrest,Incident to Arrest,Both,Stop,MD,02 - Automobile,2000,FORD,F350,WHITE,Citation,False,HISPANIC,M,GLENN DALE,MD,MD,A - Marked Patrol
81,5/19/23,00:57:00,DRIVING VEHICLE WHILE UNDER THE INFLUENCE OF ALCOHOL PER SE,39.04690333,-76.985515,No,No,No,No,No,No,No,No,No,Contraband and Property,Arrest,Incident to Arrest,Both,Stop,MD,02 - Automobile,2000,FORD,F350,WHITE,Citation,False,HISPANIC,M,GLENN DALE,MD,MD,A - Marked Patrol
82,5/19/23,00:57:00,DRIVING VEH. WHILE IMPAIRED BY ALCOHOL,39.04690333,-76.985515,No,No,No,No,No,No,No,No,No,Contraband and Property,Arrest,Incident to Arrest,Both,Stop,MD,02 - Automobile,2000,FORD,F350,WHITE,Citation,False,HISPANIC,M,GLENN DALE,MD,MD,A - Marked Patrol
83,5/20/23,01:39:00,DRIVING VEHICLE WHILE UNDER THE INFLUENCE OF ALCOHOL,39.02021333,-77.04420167,No,No,No,No,No,No,No,No,No,Property Only,Arrest,Incident to Arrest,Both,Stop,MD,02 - Automobile,2012,JEEP,WRANGLER,WHITE,Citation,False,BLACK,M,LAYTONSVILLE,MD,MD,B - Unmarked Patrol
84,5/20/23,01:39:00,DRIVING VEH. WHILE IMPAIRED BY ALCOHOL,39.02021333,-77.04420167,No,No,No,No,No,No,No,No,No,Property Only,Arrest,Incident to Arrest,Both,Stop,MD,02 - Automobile,2012,JEEP,WRANGLER,WHITE,Citation,False,BLACK,M,LAYTONSVILLE,MD,MD,B - Unmarked Patrol
85,5/20/23,01:39:00,"NEGLIGENT DRIVING VEHICLE IN CARELESS AND IMPRUDENT MANNER ENDANGERING PROPERTY, LIFE AND PERSON",39.02021333,-77.04420167,No,No,No,No,No,No,No,No,No,Property Only,Arrest,Incident to Arrest,Both,Stop,MD,02 - Automobile,2012,JEEP,WRANGLER,WHITE,Citation,False,BLACK,M,LAYTONSVILLE,MD,MD,B - Unmarked Patrol
86,5/20/23,01:39:00,RECKLESS DRIVING VEHICLE IN WANTON AND WILLFUL DISREGARD FOR SAFETY OF PERSONS AND PROPERTY,39.02021333,-77.04420167,No,No,No,No,No,No,No,No,No,Property Only,Arrest,Incident to Arrest,Both,Stop,MD,02 - Automobile,2012,JEEP,WRANGLER,WHITE,Citation,False,BLACK,M,LAYTONSVILLE,MD,MD,B - Unmarked Patrol
87,5/20/23,01:39:00,DRIVER FAILURE TO OBEY PROPERLY PLACED TRAFFIC CONTROL DEVICE INSTRUCTIONS,39.02021333,-77.04420167,No,No,No,No,No,No,No,No,No,Property Only,Arrest,Incident to Arrest,Both,Stop,MD,02 - Automobile,2012,JEEP,WRANGLER,WHITE,Citation,False,BLACK,M,LAYTONSVILLE,MD,MD,B - Unmarked Patrol
88,5/20/23,01:39:00,DRIVER CHANGING LANES WHEN UNSAFE,39.02021333,-77.04420167,No,No,No,No,No,No,No,No,No,Property Only,Arrest,Incident to Arrest,Both,Stop,MD,02 - Automobile,2012,JEEP,WRANGLER,WHITE,Citation,False,BLACK,M,LAYTONSVILLE,MD,MD,B - Unmarked Patrol
89,5/20/23,01:39:00,EXCEEDING POSTED MAXIMUM SPEED LIMIT: 54 MPH IN A POSTED 30 MPH ZONE,39.02021333,-77.04420167,No,No,No,No,No,No,No,No,No,Property Only,Arrest,Incident to Arrest,Both,Stop,MD,02 - Automobile,2012,JEEP,WRANGLER,WHITE,Citation,False,BLACK,M,LAYTONSVILLE,MD,MD,B - Unmarked Patrol
90,5/20/23,01:39:00,DRIVING VEHICLE IN EXCESS OF REASONABLE AND PRUDENT SPEED ON HIGHWAY 54/30,39.02021333,-77.04420167,No,No,No,No,No,No,No,No,No,Property Only,Arrest,Incident to Arrest,Both,Stop,MD,02 - Automobile,2012,JEEP,WRANGLER,WHITE,Citation,False,BLACK,M,LAYTONSVILLE,MD,MD,B - Unmarked Patrol
91,5/20/23,03:07:00,DRIVING VEHICLE WHILE UNDER THE INFLUENCE OF ALCOHOL,39.13038833,-76.992255,Yes,Yes,Yes,No,No,No,No,No,No,Property Only,Arrest,Incident to Arrest,Both,Stop,MD,02 - Automobile,2002,TOYOTA,CELICA,SILVER,Citation,True,HISPANIC,M,COLUMBIA,MD,MD,B - Unmarked Patrol
92,5/20/23,03:07:00,DRIVING VEH. WHILE IMPAIRED BY ALCOHOL,39.13038833,-76.992255,Yes,Yes,Yes,No,No,No,No,No,No,Property Only,Arrest,Incident to Arrest,Both,Stop,MD,02 - Automobile,2002,TOYOTA,CELICA,SILVER,Citation,True,HISPANIC,M,COLUMBIA,MD,MD,B - Unmarked Patrol
93,5/20/23,03:07:00,DRIVING VEHICLE WHILE UNDER THE INFLUENCE OF ALCOHOL PER SE,39.13038833,-76.992255,Yes,Yes,Yes,No,No,No,No,No,No,Property Only,Arrest,Incident to Arrest,Both,Stop,MD,02 - Automobile,2002,TOYOTA,CELICA,SILVER,Citation,True,HISPANIC,M,COLUMBIA,MD,MD,B - Unmarked Patrol
94,5/20/23,03:07:00,"NEGLIGENT DRIVING VEHICLE IN CARELESS AND IMPRUDENT MANNER ENDANGERING PROPERTY, LIFE AND PERSON",39.13038833,-76.992255,Yes,Yes,Yes,No,No,No,No,No,No,Property Only,Arrest,Incident to Arrest,Both,Stop,MD,02 - Automobile,2002,TOYOTA,CELICA,SILVER,Citation,True,HISPANIC,M,COLUMBIA,MD,MD,B - Unmarked Patrol
95,5/20/23,03:07:00,RECKLESS DRIVING VEHICLE IN WANTON AND WILLFUL DISREGARD FOR SAFETY OF PERSONS AND PROPERTY,39.13038833,-76.992255,Yes,Yes,Yes,No,No,No,No,No,No,Property Only,Arrest,Incident to Arrest,Both,Stop,MD,02 - Automobile,2002,TOYOTA,CELICA,SILVER,Citation,True,HISPANIC,M,COLUMBIA,MD,MD,B - Unmarked Patrol
96,5/20/23,03:07:00,DRIVER FAILURE TO OBEY PROPERLY PLACED TRAFFIC CONTROL DEVICE INSTRUCTIONS,39.13038833,-76.992255,Yes,Yes,Yes,No,No,No,No,No,No,Property Only,Arrest,Incident to Arrest,Both,Stop,MD,02 - Automobile,2002,TOYOTA,CELICA,SILVER,Citation,True,HISPANIC,M,COLUMBIA,MD,MD,B - Unmarked Patrol
97,5/20/23,03:07:00,FAILURE TO DRIVE VEHICLE ON RIGHT HALF OF ROADWAY WHEN REQUIRED,39.13038833,-76.992255,Yes,Yes,Yes,No,No,No,No,No,No,Property Only,Arrest,Incident to Arrest,Both,Stop,MD,02 - Automobile,2002,TOYOTA,CELICA,SILVER,Citation,True,HISPANIC,M,COLUMBIA,MD,MD,B - Unmarked Patrol
98,5/21/23,01:13:00,DRIVING VEHICLE WHILE UNDER THE INFLUENCE OF ALCOHOL,39.06833,-77.15859,No,No,No,No,No,No,No,No,No,Contraband and Property,Arrest,Incident to Arrest,Both,Stop,MD,02 - Automobile,2015,MERCEDES BENZ,CLS400,WHITE,Citation,False,BLACK,M,WASHINGTON,DC,DC,B - Unmarked Patrol
99,5/21/23,01:13:00,DRIVING VEH. WHILE IMPAIRED BY ALCOHOL,39.06833,-77.15859,No,No,No,No,No,No,No,No,No,Contraband and Property,Arrest,Incident to Arrest,Both,Stop,MD,02 - Automobile,2015,MERCEDES BENZ,CLS400,WHITE,Citation,False,BLACK,M,WASHINGTON,DC,DC,B - Unmarked Patrol
100,5/21/23,01:13:00,"VIOLATIONS OF TR 21-902 A,B WITH TWO PREVIOUS CONVICTIONS OF TR 21-902 A, B",39.06833,-77.15859,No,No,No,No,No,No,No,No,No,Contraband and Property,Arrest,Incident to Arrest,Both,Stop,MD,02 - Automobile,2015,MERCEDES BENZ,CLS400,WHITE,Citation,False,BLACK,M,WASHINGTON,DC,DC,B - Unmarked Patrol
101,5/21/23,01:13:00,"VIOL. TR 21-902 A,B W/ 3 PREV. CONV. TR 21- 902 A,B",39.06833,-77.15859,No,No,No,No,No,No,No,No,No,Contraband and Property,Arrest,Incident to Arrest,Both,Stop,MD,02 - Automobile,2015,MERCEDES BENZ,CLS400,WHITE,Citation,False,BLACK,M,WASHINGTON,DC,DC,B - Unmarked Patrol
102,5/21/23,01:13:00,DRIVING VEH WHILE SO FAR IMPAIRED BY DRUGS & ALCOHOL CANNOT DRIVE SAFELY,39.06833,-77.15859,No,No,No,No,No,No,No,No,No,Contraband and Property,Arrest,Incident to Arrest,Both,Stop,MD,02 - Automobile,2015,MERCEDES BENZ,CLS400,WHITE,Citation,False,BLACK,M,WASHINGTON,DC,DC,B - Unmarked Patrol
103,5/21/23,01:13:00,"NEGLIGENT DRIVING VEHICLE IN CARELESS AND IMPRUDENT MANNER ENDANGERING PROPERTY, LIFE AND PERSON",39.06833,-77.15859,No,No,No,No,No,No,No,No,No,Contraband and Property,Arrest,Incident to Arrest,Both,Stop,MD,02 - Automobile,2015,MERCEDES BENZ,CLS400,WHITE,Citation,False,BLACK,M,WASHINGTON,DC,DC,B - Unmarked Patrol
104,5/21/23,01:13:00,RECKLESS DRIVING VEHICLE IN WANTON AND WILLFUL DISREGARD FOR SAFETY OF PERSONS AND PROPERTY,39.06833,-77.15859,No,No,No,No,No,No,No,No,No,Contraband and Property,Arrest,Incident to Arrest,Both,Stop,MD,02 - Automobile,2015,MERCEDES BENZ,CLS400,WHITE,Citation,False,BLACK,M,WASHINGTON,DC,DC,B - Unmarked Patrol
105,5/21/23,01:13:00,DRIVER FAILURE TO OBEY PROPERLY PLACED TRAFFIC CONTROL DEVICE INSTRUCTIONS,39.06833,-77.15859,No,No,No,No,No,No,No,No,No,Contraband and Property,Arrest,Incident to Arrest,Both,Stop,MD,02 - Automobile,2015,MERCEDES BENZ,CLS400,WHITE,Citation,False,BLACK,M,WASHINGTON,DC,DC,B - Unmarked Patrol
106,5/21/23,01:13:00,DRIVER CHANGING LANES WHEN UNSAFE,39.06833,-77.15859,No,No,No,No,No,No,No,No,No,Contraband and Property,Arrest,Incident to Arrest,Both,Stop,MD,02 - Automobile,2015,MERCEDES BENZ,CLS400,WHITE,Citation,False,BLACK,M,WASHINGTON,DC,DC,B - Unmarked Patrol
107,5/21/23,01:13:00,EXCEEDING POSTED MAXIMUM SPEED LIMIT: 120 MPH IN A POSTED 55 MPH ZONE,39.06833,-77.15859,No,No,No,No,No,No,No,No,No,Contraband and Property,Arrest,Incident to Arrest,Both,Stop,MD,02 - Automobile,2015,MERCEDES BENZ,CLS400,WHITE,Citation,False,BLACK,M,WASHINGTON,DC,DC,B - Unmarked Patrol
108,5/21/23,01:13:00,DRIVING VEHICLE IN EXCESS OF REASONABLE AND PRUDENT SPEED ON HIGHWAY 120/55,39.06833,-77.15859,No,No,No,No,No,No,No,No,No,Contraband and Property,Arrest,Incident to Arrest,Both,Stop,MD,02 - Automobile,2015,MERCEDES BENZ,CLS400,WHITE,Citation,False,BLACK,M,WASHINGTON,DC,DC,B - Unmarked Patrol
109,5/21/23,01:13:00,DRIVING MOTOR VEHICLE ON HIGHWAY WITHOUT REQUIRED LICENSE AND AUTHORIZATION,39.06833,-77.15859,No,No,No,No,No,No,No,No,No,Contraband and Property,Arrest,Incident to Arrest,Both,Stop,MD,02 - Automobile,2015,MERCEDES BENZ,CLS400,WHITE,Citation,False,BLACK,M,WASHINGTON,DC,DC,B - Unmarked Patrol
110,5/19/23,12:38:00,DISPLAYING EXPIRED REGISTRATION PLATE ISSUED BY ANY STATE,39.05872167,-77.06973833,No,No,No,No,No,No,No,No,No,Nothing,Arrest,Probable Cause,Both,Warrant,MD,02 - Automobile,2016,CHEVY,CRUZE,BLACK,Warning,False,BLACK,M,SILVER SPRING,MD,MD,A - Marked Patrol
111,5/19/23,12:38:00,DRIVING VEHICLE ON HIGHWAY WITHOUT CURRENT REGISTRATION PLATES AND VALIDATION TABS,39.05872167,-77.06973833,No,No,No,No,No,No,No,No,No,Nothing,Arrest,Probable Cause,Both,Warrant,MD,02 - Automobile,2016,CHEVY,CRUZE,BLACK,Warning,False,BLACK,M,SILVER SPRING,MD,MD,A - Marked Patrol
112,5/18/23,16:54:00,DRIVER FAILURE TO OBEY PROPERLY PLACED TRAFFIC CONTROL DEVICE INSTRUCTIONS,39.05719167,-77.07273833,No,No,No,No,No,No,No,No,No,Nothing,Arrest,Incident to Arrest,Person,Warrant,MD,02 - Automobile,2006,HOND,SD,GRAY,Warning,False,HISPANIC,M,SILVER SPRING,MD,MD,A - Marked Patrol
113,5/22/23,23:24:00,DRIVING VEHICLE WHILE UNDER THE INFLUENCE OF ALCOHOL,39.0456035,-76.991189,No,No,No,No,No,No,No,No,No,Contraband and Property,Arrest,Incident to Arrest,Both,Stop,MD,02 - Automobile,2019,DODGE,CHARGER,GRAY,Citation,False,BLACK,M,MONTGOMERY VILLAGE,MD,MD,A - Marked Patrol
114,5/22/23,23:24:00,DRIVING VEHICLE WHILE UNDER THE INFLUENCE OF ALCOHOL PER SE,39.0456035,-76.991189,No,No,No,No,No,No,No,No,No,Contraband and Property,Arrest,Incident to Arrest,Both,Stop,MD,02 - Automobile,2019,DODGE,CHARGER,GRAY,Citation,False,BLACK,M,MONTGOMERY VILLAGE,MD,MD,A - Marked Patrol
115,5/22/23,23:24:00,DRIVING VEH. WHILE IMPAIRED BY ALCOHOL,39.0456035,-76.991189,No,No,No,No,No,No,No,No,No,Contraband and Property,Arrest,Incident to Arrest,Both,Stop,MD,02 - Automobile,2019,DODGE,CHARGER,GRAY,Citation,False,BLACK,M,MONTGOMERY VILLAGE,MD,MD,A - Marked Patrol
116,5/22/23,23:24:00,HOLDER OF LEARNER'S PERMIT DRIVING W/O REQ. SUPERVISION,39.0456035,-76.991189,No,No,No,No,No,No,No,No,No,Contraband and Property,Arrest,Incident to Arrest,Both,Stop,MD,02 - Automobile,2019,DODGE,CHARGER,GRAY,Citation,False,BLACK,M,MONTGOMERY VILLAGE,MD,MD,A - Marked Patrol
117,5/22/23,23:24:00,"NEGLIGENT DRIVING VEHICLE IN CARELESS AND IMPRUDENT MANNER ENDANGERING PROPERTY, LIFE AND PERSON",39.0456035,-76.991189,No,No,No,No,No,No,No,No,No,Contraband and Property,Arrest,Incident to Arrest,Both,Stop,MD,02 - Automobile,2019,DODGE,CHARGER,GRAY,Citation,False,BLACK,M,MONTGOMERY VILLAGE,MD,MD,A - Marked Patrol
118,5/22/23,18:08:00,"NEGLIGENT DRIVING VEHICLE IN CARELESS AND IMPRUDENT MANNER ENDANGERING PROPERTY, LIFE AND PERSON",0.0,0.0,Yes,No,No,No,No,No,No,No,No,Nothing,Arrest,Incident to Arrest,Both,Search,PA,02 - Automobile,2019,FORD,TK,WHITE,Citation,True,WHITE,M,DERWOOD,MD,MD,A - Marked Patrol
119,5/22/23,18:08:00,RECKLESS DRIVING VEHICLE IN WANTON AND WILLFUL DISREGARD FOR SAFETY OF PERSONS AND PROPERTY,0.0,0.0,Yes,No,No,No,No,No,No,No,No,Nothing,Arrest,Incident to Arrest,Both,Search,PA,02 - Automobile,2019,FORD,TK,WHITE,Citation,True,WHITE,M,DERWOOD,MD,MD,A - Marked Patrol
120,5/22/23,18:08:00,DRIVING VEHICLE WHILE UNDER THE INFLUENCE OF ALCOHOL,0.0,0.0,Yes,No,No,No,No,No,No,No,No,Nothing,Arrest,Incident to Arrest,Both,Search,PA,02 - Automobile,2019,FORD,TK,WHITE,Citation,True,WHITE,M,DERWOOD,MD,MD,A - Marked Patrol
121,5/22/23,18:08:00,DRIVING VEHICLE WHILE UNDER THE INFLUENCE OF ALCOHOL PER SE,0.0,0.0,Yes,No,No,No,No,No,No,No,No,Nothing,Arrest,Incident to Arrest,Both,Search,PA,02 - Automobile,2019,FORD,TK,WHITE,Citation,True,WHITE,M,DERWOOD,MD,MD,A - Marked Patrol
122,5/22/23,18:08:00,DRIVING VEH. WHILE IMPAIRED BY ALCOHOL,0.0,0.0,Yes,No,No,No,No,No,No,No,No,Nothing,Arrest,Incident to Arrest,Both,Search,PA,02 - Automobile,2019,FORD,TK,WHITE,Citation,True,WHITE,M,DERWOOD,MD,MD,A - Marked Patrol
123,5/22/23,18:08:00,FAILURE TO CONTROL VEHICLE SPEED ON HIGHWAY TO AVOID COLLISION,0.0,0.0,Yes,No,No,No,No,No,No,No,No,Nothing,Arrest,Incident to Arrest,Both,Search,PA,02 - Automobile,2019,FORD,TK,WHITE,Citation,True,WHITE,M,DERWOOD,MD,MD,A - Marked Patrol
124,5/24/23,00:36:00,EXCEEDING THE POSTED SPEED LIMIT OF 40 MPH,0.0,0.0,No,No,No,No,No,No,No,No,No,Property Only,Arrest,Incident to Arrest,Person,Warrant,MD,02 - Automobile,2014,FORD,FOCUS,GRAY,Warning,False,HISPANIC,M,WESTMINSTER,MD,MD,A - Marked Patrol
125,5/26/23,01:04:00,"FAILURE OF DR. TO MAKE LANE CH. TO AVAIL. LANE NOT IMMED. ADJ TO STOPPED, STANDING, PARKED VEH.",39.04509833,-76.98986333,No,No,No,No,No,No,No,No,No,Contraband Only,Arrest,Incident to Arrest,Both,Search,MD,02 - Automobile,2014,BUICK,UT,BRONZE,Citation,False,BLACK,M,DISTRICT HEIGHTS,MD,MD,A - Marked Patrol
126,5/26/23,01:04:00,"NEGLIGENT DRIVING VEHICLE IN CARELESS AND IMPRUDENT MANNER ENDANGERING PROPERTY, LIFE AND PERSON",39.04509833,-76.98986333,No,No,No,No,No,No,No,No,No,Contraband Only,Arrest,Incident to Arrest,Both,Search,MD,02 - Automobile,2014,BUICK,UT,BRONZE,Citation,False,BLACK,M,DISTRICT HEIGHTS,MD,MD,A - Marked Patrol
127,5/26/23,01:04:00,DRIVING VEHICLE WHILE UNDER THE INFLUENCE OF ALCOHOL PER SE,39.04509833,-76.98986333,No,No,No,No,No,No,No,No,No,Contraband Only,Arrest,Incident to Arrest,Both,Search,MD,02 - Automobile,2014,BUICK,UT,BRONZE,Citation,False,BLACK,M,DISTRICT HEIGHTS,MD,MD,A - Marked Patrol
128,5/26/23,01:04:00,DRIVING VEHICLE WHILE UNDER THE INFLUENCE OF ALCOHOL,39.04509833,-76.98986333,No,No,No,No,No,No,No,No,No,Contraband Only,Arrest,Incident to Arrest,Both,Search,MD,02 - Automobile,2014,BUICK,UT,BRONZE,Citation,False,BLACK,M,DISTRICT HEIGHTS,MD,MD,A - Marked Patrol
129,5/26/23,01:04:00,DRIVING VEH. WHILE IMPAIRED BY ALCOHOL,39.04509833,-76.98986333,No,No,No,No,No,No,No,No,No,Contraband Only,Arrest,Incident to Arrest,Both,Search,MD,02 - Automobile,2014,BUICK,UT,BRONZE,Citation,False,BLACK,M,DISTRICT HEIGHTS,MD,MD,A - Marked Patrol
130,5/26/23,01:04:00,DRIVING VEH WHILE SO FAR IMPAIRED BY DRUGS & ALCOHOL CANNOT DRIVE SAFELY,39.04509833,-76.98986333,No,No,No,No,No,No,No,No,No,Contraband Only,Arrest,Incident to Arrest,Both,Search,MD,02 - Automobile,2014,BUICK,UT,BRONZE,Citation,False,BLACK,M,DISTRICT HEIGHTS,MD,MD,A - Marked Patrol
131,5/26/23,13:48:00,OPERATING VEHICLE ON HIGHWAY WITH UNAUTHORIZED WINDOW TINTING MATERIAL,39.05872167,-77.06973833,No,Yes,No,No,No,No,No,No,No,Nothing,Arrest,Probable Cause,Both,Warrant,MD,02 - Automobile,2013,BMW,328I,WHITE,Warning,False,WHITE,F,GAITHERSBURG,MD,MD,A - Marked Patrol
132,5/29/23,17:32:00,KNOWINGLY DRIVING UNINSURED VEHICLE,39.0394,-76.9912,No,No,No,No,No,No,No,No,No,Nothing,Arrest,Incident to Arrest,Both,Warrant,VA,02 - Automobile,2013,HONDA,ACCORD,RED,Citation,False,HISPANIC,M,HYATTSVILLE,MD,MD,A - Marked Patrol
133,5/29/23,17:32:00,DISPLAYING EXPIRED REGISTRATION PLATE ISSUED BY ANY STATE,39.0394,-76.9912,No,No,No,No,No,No,No,No,No,Nothing,Arrest,Incident to Arrest,Both,Warrant,VA,02 - Automobile,2013,HONDA,ACCORD,RED,Warning,False,HISPANIC,M,HYATTSVILLE,MD,MD,A - Marked Patrol
134,5/29/23,17:32:00,FAILURE OF INDIVIDUAL DRIVING ON HIGHWAY TO DISPLAY LICENSE TO UNIFORMED POLICE ON DEMAND,39.0394,-76.9912,No,No,No,No,No,No,No,No,No,Nothing,Arrest,Incident to Arrest,Both,Warrant,VA,02 - Automobile,2013,HONDA,ACCORD,RED,Warning,False,HISPANIC,M,HYATTSVILLE,MD,MD,A - Marked Patrol
135,5/31/23,00:05:00,DRIVER FAIL TO STOP AT STEADY CIRCULAR RED SIGNAL,0.0,0.0,No,No,No,No,No,No,No,No,No,Contraband Only,Arrest,Probable Cause,Property,Search,NB,02 - Automobile,2020,FORD,FUSION,GRAY,Citation,False,BLACK,F,GERMANTOWN,ND,MD,A - Marked Patrol
136,5/31/23,00:05:00,STOPPING VEH. ON CROSSWALK,0.0,0.0,No,No,No,No,No,No,No,No,No,Contraband Only,Arrest,Probable Cause,Property,Search,NB,02 - Automobile,2020,FORD,FUSION,GRAY,Citation,False,BLACK,F,GERMANTOWN,ND,MD,A - Marked Patrol
137,5/31/23,00:05:00,DRIVER FAILING TO GIVE TURN SIGNAL CONTINUOUSLY DURING LAST 100' OF TRAVEL BEFORE TURNING,0.0,0.0,No,No,No,No,No,No,No,No,No,Contraband Only,Arrest,Probable Cause,Property,Search,NB,02 - Automobile,2020,FORD,FUSION,GRAY,Citation,False,BLACK,F,GERMANTOWN,ND,MD,A - Marked Patrol
138,5/31/23,01:21:00,DRIVING VEHICLE WHILE UNDER THE INFLUENCE OF ALCOHOL,39.13726833,-77.193185,No,No,No,No,No,No,No,No,No,Contraband and Property,Arrest,Incident to Arrest,Both,Stop,MD,02 - Automobile,2017,PORSCHE,MACAN,BLACK,Citation,False,WHITE,F,GAITHERSBURG,MD,NV,B - Unmarked Patrol
139,5/31/23,01:21:00,DRIVING VEH. WHILE IMPAIRED BY ALCOHOL,39.13726833,-77.193185,No,No,No,No,No,No,No,No,No,Contraband and Property,Arrest,Incident to Arrest,Both,Stop,MD,02 - Automobile,2017,PORSCHE,MACAN,BLACK,Citation,False,WHITE,F,GAITHERSBURG,MD,NV,B - Unmarked Patrol
140,5/31/23,01:21:00,DRIVING VEHICLE WHILE UNDER THE INFLUENCE OF ALCOHOL PER SE,39.13726833,-77.193185,No,No,No,No,No,No,No,No,No,Contraband and Property,Arrest,Incident to Arrest,Both,Stop,MD,02 - Automobile,2017,PORSCHE,MACAN,BLACK,Citation,False,WHITE,F,GAITHERSBURG,MD,NV,B - Unmarked Patrol
141,5/31/23,01:21:00,"NEGLIGENT DRIVING VEHICLE IN CARELESS AND IMPRUDENT MANNER ENDANGERING PROPERTY, LIFE AND PERSON",39.13726833,-77.193185,No,No,No,No,No,No,No,No,No,Contraband and Property,Arrest,Incident to Arrest,Both,Stop,MD,02 - Automobile,2017,PORSCHE,MACAN,BLACK,Citation,False,WHITE,F,GAITHERSBURG,MD,NV,B - Unmarked Patrol
142,5/31/23,01:21:00,RECKLESS DRIVING VEHICLE IN WANTON AND WILLFUL DISREGARD FOR SAFETY OF PERSONS AND PROPERTY,39.13726833,-77.193185,No,No,No,No,No,No,No,No,No,Contraband and Property,Arrest,Incident to Arrest,Both,Stop,MD,02 - Automobile,2017,PORSCHE,MACAN,BLACK,Citation,False,WHITE,F,GAITHERSBURG,MD,NV,B - Unmarked Patrol
143,5/31/23,01:21:00,DRIVER FAILURE TO OBEY PROPERLY PLACED TRAFFIC CONTROL DEVICE INSTRUCTIONS,39.13726833,-77.193185,No,No,No,No,No,No,No,No,No,Contraband and Property,Arrest,Incident to Arrest,Both,Stop,MD,02 - Automobile,2017,PORSCHE,MACAN,BLACK,Citation,False,WHITE,F,GAITHERSBURG,MD,NV,B - Unmarked Patrol
144,5/31/23,01:21:00,STOPPING VEH. ON HWY. OUTSIDE BUSINESS & RESIDENTIAL DISTRICT,39.13726833,-77.193185,No,No,No,No,No,No,No,No,No,Contraband and Property,Arrest,Incident to Arrest,Both,Stop,MD,02 - Automobile,2017,PORSCHE,MACAN,BLACK,Citation,False,WHITE,F,GAITHERSBURG,MD,NV,B - Unmarked Patrol
145,5/31/23,01:21:00,CAUSING STANDING VEH. TO OBSTRUCT FREE VEH. PASSAGE OF ROADWAY,39.13726833,-77.193185,No,No,No,No,No,No,No,No,No,Contraband and Property,Arrest,Incident to Arrest,Both,Stop,MD,02 - Automobile,2017,PORSCHE,MACAN,BLACK,Citation,False,WHITE,F,GAITHERSBURG,MD,NV,B - Unmarked Patrol
146,5/31/23,01:21:00,DRIVING VEHICLE ON HIGHWAY WITH AN EXPIRED LICENSE,39.13726833,-77.193185,No,No,No,No,No,No,No,No,No,Contraband and Property,Arrest,Incident to Arrest,Both,Stop,MD,02 - Automobile,2017,PORSCHE,MACAN,BLACK,Citation,False,WHITE,F,GAITHERSBURG,MD,NV,B - Unmarked Patrol
147,5/31/23,01:21:00,DRIVING MOTOR VEHICLE ON HIGHWAY WITHOUT REQUIRED LICENSE AND AUTHORIZATION,39.13726833,-77.193185,No,No,No,No,No,No,No,No,No,Contraband and Property,Arrest,Incident to Arrest,Both,Stop,MD,02 - Automobile,2017,PORSCHE,MACAN,BLACK,Citation,False,WHITE,F,GAITHERSBURG,MD,NV,B - Unmarked Patrol
148,6/1/23,01:20:00,"NEGLIGENT DRIVING VEHICLE IN CARELESS AND IMPRUDENT MANNER ENDANGERING PROPERTY, LIFE AND PERSON",39.04561333,-76.99095,No,No,No,No,No,No,No,No,No,Nothing,Arrest,Incident to Arrest,Both,Stop,NC,02 - Automobile,2008,INFINITI,FX35,GRAY,Citation,False,BLACK,F,WASHINGTON,DC,SC,A - Marked Patrol
149,6/1/23,01:20:00,DRIVING VEHICLE WHILE UNDER THE INFLUENCE OF ALCOHOL,39.04561333,-76.99095,No,No,No,No,No,No,No,No,No,Nothing,Arrest,Incident to Arrest,Both,Stop,NC,02 - Automobile,2008,INFINITI,FX35,GRAY,Citation,False,BLACK,F,WASHINGTON,DC,SC,A - Marked Patrol
150,6/1/23,01:20:00,DRIVING VEHICLE WHILE UNDER THE INFLUENCE OF ALCOHOL PER SE,39.04561333,-76.99095,No,No,No,No,No,No,No,No,No,Nothing,Arrest,Incident to Arrest,Both,Stop,NC,02 - Automobile,2008,INFINITI,FX35,GRAY,Citation,False,BLACK,F,WASHINGTON,DC,SC,A - Marked Patrol
151,6/1/23,01:20:00,DRIVING VEH. WHILE IMPAIRED BY ALCOHOL,39.04561333,-76.99095,No,No,No,No,No,No,No,No,No,Nothing,Arrest,Incident to Arrest,Both,Stop,NC,02 - Automobile,2008,INFINITI,FX35,GRAY,Citation,False,BLACK,F,WASHINGTON,DC,SC,A - Marked Patrol
152,6/1/23,01:20:00,DRIVER FAILURE TO OBEY PROPERLY PLACED TRAFFIC CONTROL DEVICE INSTRUCTIONS,39.04561333,-76.99095,No,No,No,No,No,No,No,No,No,Nothing,Arrest,Incident to Arrest,Both,Stop,NC,02 - Automobile,2008,INFINITI,FX35,GRAY,Citation,False,BLACK,F,WASHINGTON,DC,SC,A - Marked Patrol
153,6/1/23,01:20:00,OPERATING UNREGISTERED MOTOR VEHICLE ON HIGHWAY,39.04561333,-76.99095,No,No,No,No,No,No,No,No,No,Nothing,Arrest,Incident to Arrest,Both,Stop,NC,02 - Automobile,2008,INFINITI,FX35,GRAY,Citation,False,BLACK,F,WASHINGTON,DC,SC,A - Marked Patrol
154,6/1/23,01:20:00,KNOWINGLY DRIVING UNINSURED VEHICLE,39.04561333,-76.99095,No,No,No,No,No,No,No,No,No,Nothing,Arrest,Incident to Arrest,Both,Stop,NC,02 - Automobile,2008,INFINITI,FX35,GRAY,Citation,False,BLACK,F,WASHINGTON,DC,SC,A - Marked Patrol
155,6/1/23,01:20:00,DRIVING UNSAFE VEH. ON HWY.,39.04561333,-76.99095,No,No,No,No,No,No,No,No,No,Nothing,Arrest,Incident to Arrest,Both,Stop,NC,02 - Automobile,2008,INFINITI,FX35,GRAY,Citation,False,BLACK,F,WASHINGTON,DC,SC,A - Marked Patrol
156,6/1/23,01:20:00,FAILURE OF DRIVER APPROACHING NONFUNCT. TRAFFIC CONTRL SIGNAL AT INTERSECTION TO STOP AT STOP LINE,39.04561333,-76.99095,No,No,No,No,No,No,No,No,No,Nothing,Arrest,Incident to Arrest,Both,Stop,NC,02 - Automobile,2008,INFINITI,FX35,GRAY,Citation,False,BLACK,F,WASHINGTON,DC,SC,A - Marked Patrol
157,6/1/23,01:20:00,DRIVER SPINNING WHEELS,39.04561333,-76.99095,No,No,No,No,No,No,No,No,No,Nothing,Arrest,Incident to Arrest,Both,Stop,NC,02 - Automobile,2008,INFINITI,FX35,GRAY,Citation,False,BLACK,F,WASHINGTON,DC,SC,A - Marked Patrol
158,6/1/23,01:20:00,FAILURE OF DRIVER TO DRIVE TO CURB UPON SIGNAL BY POLICE VEH.,39.04561333,-76.99095,No,No,No,No,No,No,No,No,No,Nothing,Arrest,Incident to Arrest,Both,Stop,NC,02 - Automobile,2008,INFINITI,FX35,GRAY,Citation,False,BLACK,F,WASHINGTON,DC,SC,A - Marked Patrol
159,6/3/23,03:42:00,DRIVING VEHICLE WHILE UNDER THE INFLUENCE OF ALCOHOL,39.04536833,-76.9908,No,No,No,No,No,No,No,No,No,Contraband Only,Arrest,Incident to Arrest,Person,Stop,MD,02 - Automobile,2017,HONDA,ACCORD,WHITE,Citation,False,HISPANIC,M,SILVER SPRING,MD,MD,A - Marked Patrol
160,6/3/23,03:42:00,DRIVING VEH. WHILE IMPAIRED BY ALCOHOL,39.04536833,-76.9908,No,No,No,No,No,No,No,No,No,Contraband Only,Arrest,Incident to Arrest,Person,Stop,MD,02 - Automobile,2017,HONDA,ACCORD,WHITE,Citation,False,HISPANIC,M,SILVER SPRING,MD,MD,A - Marked Patrol
161,6/3/23,03:42:00,DRIVING VEH WHILE SO FAR IMPAIRED BY DRUGS & ALCOHOL CANNOT DRIVE SAFELY,39.04536833,-76.9908,No,No,No,No,No,No,No,No,No,Contraband Only,Arrest,Incident to Arrest,Person,Stop,MD,02 - Automobile,2017,HONDA,ACCORD,WHITE,Citation,False,HISPANIC,M,SILVER SPRING,MD,MD,A - Marked Patrol
162,6/3/23,03:42:00,PERSON DRIVING MOTOR VEHICLE ON HIGHWAY OR PUBLIC USE PROPERTY ON SUSPENDED LICENSE AND PRIVILEGE,39.04536833,-76.9908,No,No,No,No,No,No,No,No,No,Contraband Only,Arrest,Incident to Arrest,Person,Stop,MD,02 - Automobile,2017,HONDA,ACCORD,WHITE,Citation,False,HISPANIC,M,SILVER SPRING,MD,MD,A - Marked Patrol
163,6/3/23,01:50:00,DRIVING VEH. WHILE IMPAIRED BY ALCOHOL,39.06022667,-77.04733667,No,No,No,No,No,No,No,No,No,Property Only,Arrest,Incident to Arrest,Both,Stop,MD,02 - Automobile,2010,FORD,ECONOLINE,WHITE,Citation,False,HISPANIC,M,SILVER SPRING,MD,MD,B - Unmarked Patrol
164,6/3/23,01:50:00,DRIVING VEHICLE WHILE UNDER THE INFLUENCE OF ALCOHOL,39.06022667,-77.04733667,No,No,No,No,No,No,No,No,No,Property Only,Arrest,Incident to Arrest,Both,Stop,MD,02 - Automobile,2010,FORD,ECONOLINE,WHITE,Citation,False,HISPANIC,M,SILVER SPRING,MD,MD,B - Unmarked Patrol
165,6/3/23,01:50:00,DRIVING VEHICLE WHILE UNDER THE INFLUENCE OF ALCOHOL PER SE,39.06022667,-77.04733667,No,No,No,No,No,No,No,No,No,Property Only,Arrest,Incident to Arrest,Both,Stop,MD,02 - Automobile,2010,FORD,ECONOLINE,WHITE,Citation,False,HISPANIC,M,SILVER SPRING,MD,MD,B - Unmarked Patrol
166,6/3/23,01:50:00,"NEGLIGENT DRIVING VEHICLE IN CARELESS AND IMPRUDENT MANNER ENDANGERING PROPERTY, LIFE AND PERSON",39.06022667,-77.04733667,No,No,No,No,No,No,No,No,No,Property Only,Arrest,Incident to Arrest,Both,Stop,MD,02 - Automobile,2010,FORD,ECONOLINE,WHITE,Citation,False,HISPANIC,M,SILVER SPRING,MD,MD,B - Unmarked Patrol
167,6/3/23,01:50:00,RECKLESS DRIVING VEHICLE IN WANTON AND WILLFUL DISREGARD FOR SAFETY OF PERSONS AND PROPERTY,39.06022667,-77.04733667,No,No,No,No,No,No,No,No,No,Property Only,Arrest,Incident to Arrest,Both,Stop,MD,02 - Automobile,2010,FORD,ECONOLINE,WHITE,Citation,False,HISPANIC,M,SILVER SPRING,MD,MD,B - Unmarked Patrol
168,6/3/23,01:50:00,DRIVER FAILURE TO OBEY PROPERLY PLACED TRAFFIC CONTROL DEVICE INSTRUCTIONS,39.06022667,-77.04733667,No,No,No,No,No,No,No,No,No,Property Only,Arrest,Incident to Arrest,Both,Stop,MD,02 - Automobile,2010,FORD,ECONOLINE,WHITE,Citation,False,HISPANIC,M,SILVER SPRING,MD,MD,B - Unmarked Patrol
169,6/3/23,01:50:00,DRIVER CHANGING LANES WHEN UNSAFE,39.06022667,-77.04733667,No,No,No,No,No,No,No,No,No,Property Only,Arrest,Incident to Arrest,Both,Stop,MD,02 - Automobile,2010,FORD,ECONOLINE,WHITE,Citation,False,HISPANIC,M,SILVER SPRING,MD,MD,B - Unmarked Patrol
170,6/3/23,01:50:00,THROWING ANY REFUSE ON HWY.,39.06022667,-77.04733667,No,No,No,No,No,No,No,No,No,Property Only,Arrest,Incident to Arrest,Both,Stop,MD,02 - Automobile,2010,FORD,ECONOLINE,WHITE,Citation,False,HISPANIC,M,SILVER SPRING,MD,MD,B - Unmarked Patrol
171,6/2/23,19:33:00,DRIVING VEHICLE WHILE UNDER THE INFLUENCE OF ALCOHOL,38.99642833,-77.01449667,No,No,No,No,No,No,No,No,No,Contraband Only,Arrest,Incident to Arrest,Both,Stop,MD,02 - Automobile,2017,CHEVY,SILVERADO,BLACK,Citation,False,HISPANIC,M,SILVER SPRING,MD,MD,B - Unmarked Patrol
172,6/2/23,19:33:00,DRIVING VEH. WHILE IMPAIRED BY ALCOHOL,38.99642833,-77.01449667,No,No,No,No,No,No,No,No,No,Contraband Only,Arrest,Incident to Arrest,Both,Stop,MD,02 - Automobile,2017,CHEVY,SILVERADO,BLACK,Citation,False,HISPANIC,M,SILVER SPRING,MD,MD,B - Unmarked Patrol
173,6/2/23,19:33:00,FAILURE TO DRIVE VEHICLE ON RIGHT HALF OF ROADWAY WHEN REQUIRED,38.99642833,-77.01449667,No,No,No,No,No,No,No,No,No,Contraband Only,Arrest,Incident to Arrest,Both,Stop,MD,02 - Automobile,2017,CHEVY,SILVERADO,BLACK,Citation,False,HISPANIC,M,SILVER SPRING,MD,MD,B - Unmarked Patrol
174,6/2/23,19:33:00,DRIVER FAILURE TO OBEY PROPERLY PLACED TRAFFIC CONTROL DEVICE INSTRUCTIONS,38.99642833,-77.01449667,No,No,No,No,No,No,No,No,No,Contraband Only,Arrest,Incident to Arrest,Both,Stop,MD,02 - Automobile,2017,CHEVY,SILVERADO,BLACK,Citation,False,HISPANIC,M,SILVER SPRING,MD,MD,B - Unmarked Patrol
175,6/2/23,19:33:00,DRIVER CONSUMING ALCOHOLIC BEVERAGE IN PASSENGER AREA OF MOTOR VEHICLE ON HIGHWAY,38.99642833,-77.01449667,No,No,No,No,No,No,No,No,No,Contraband Only,Arrest,Incident to Arrest,Both,Stop,MD,02 - Automobile,2017,CHEVY,SILVERADO,BLACK,Citation,False,HISPANIC,M,SILVER SPRING,MD,MD,B - Unmarked Patrol
176,5/31/23,23:59:00,DRIVING VEH. WHILE SO FAR IMPAIRED BY DRUG CANNOT DRIVE SAFELY,39.14065,-77.21106167,No,No,No,No,No,No,No,No,No,Contraband and Property,Arrest,Probable Cause,Both,Stop,MD,02 - Automobile,2018,DODGE,CHARGER,GRAY,Citation,False,BLACK,M,MONTGOMERY VILLAGE,MD,MD,B - Unmarked Patrol
177,5/31/23,23:59:00,DRIVING VEH. WHILE IMPAIRED BY A CONTROLLED DANGEROUS SUBSTANCE,39.14065,-77.21106167,No,No,No,No,No,No,No,No,No,Contraband and Property,Arrest,Probable Cause,Both,Stop,MD,02 - Automobile,2018,DODGE,CHARGER,GRAY,Citation,False,BLACK,M,MONTGOMERY VILLAGE,MD,MD,B - Unmarked Patrol
178,5/31/23,23:59:00,"NEGLIGENT DRIVING VEHICLE IN CARELESS AND IMPRUDENT MANNER ENDANGERING PROPERTY, LIFE AND PERSON",39.14065,-77.21106167,No,No,No,No,No,No,No,No,No,Contraband and Property,Arrest,Probable Cause,Both,Stop,MD,02 - Automobile,2018,DODGE,CHARGER,GRAY,Citation,False,BLACK,M,MONTGOMERY VILLAGE,MD,MD,B - Unmarked Patrol
179,5/31/23,23:59:00,RECKLESS DRIVING VEHICLE IN WANTON AND WILLFUL DISREGARD FOR SAFETY OF PERSONS AND PROPERTY,39.14065,-77.21106167,No,No,No,No,No,No,No,No,No,Contraband and Property,Arrest,Probable Cause,Both,Stop,MD,02 - Automobile,2018,DODGE,CHARGER,GRAY,Citation,False,BLACK,M,MONTGOMERY VILLAGE,MD,MD,B - Unmarked Patrol
180,5/31/23,23:59:00,DRIVER FAILURE TO OBEY PROPERLY PLACED TRAFFIC CONTROL DEVICE INSTRUCTIONS,39.14065,-77.21106167,No,No,No,No,No,No,No,No,No,Contraband and Property,Arrest,Probable Cause,Both,Stop,MD,02 - Automobile,2018,DODGE,CHARGER,GRAY,Citation,False,BLACK,M,MONTGOMERY VILLAGE,MD,MD,B - Unmarked Patrol
181,5/31/23,23:59:00,EXCEEDING POSTED MAXIMUM SPEED LIMIT: 98 MPH IN A POSTED 55 MPH ZONE,39.14065,-77.21106167,No,No,No,No,No,No,No,No,No,Contraband and Property,Arrest,Probable Cause,Both,Stop,MD,02 - Automobile,2018,DODGE,CHARGER,GRAY,Citation,False,BLACK,M,MONTGOMERY VILLAGE,MD,MD,B - Unmarked Patrol
182,5/31/23,23:59:00,DRIVING VEHICLE IN EXCESS OF REASONABLE AND PRUDENT SPEED ON HIGHWAY 98/55,39.14065,-77.21106167,No,No,No,No,No,No,No,No,No,Contraband and Property,Arrest,Probable Cause,Both,Stop,MD,02 - Automobile,2018,DODGE,CHARGER,GRAY,Citation,False,BLACK,M,MONTGOMERY VILLAGE,MD,MD,B - Unmarked Patrol
183,5/31/23,23:59:00,FAILURE OF INDIVIDUAL DRIVING ON HIGHWAY TO DISPLAY LICENSE TO UNIFORMED POLICE ON DEMAND,39.14065,-77.21106167,No,No,No,No,No,No,No,No,No,Contraband and Property,Arrest,Probable Cause,Both,Stop,MD,02 - Automobile,2018,DODGE,CHARGER,GRAY,Citation,False,BLACK,M,MONTGOMERY VILLAGE,MD,MD,B - Unmarked Patrol
184,5/31/23,23:59:00,FAILURE TO ATTACH VEHICLE REGISTRATION PLATES AT FRONT AND REAR,39.14065,-77.21106167,No,No,No,No,No,No,No,No,No,Contraband and Property,Arrest,Probable Cause,Both,Stop,MD,02 - Automobile,2018,DODGE,CHARGER,GRAY,Citation,False,BLACK,M,MONTGOMERY VILLAGE,MD,MD,B - Unmarked Patrol
185,5/31/23,23:59:00,OBSURING VEHICLE REGISTRATION PLATE W/INTENT TO AVOID ID,39.14065,-77.21106167,No,No,No,No,No,No,No,No,No,Contraband and Property,Arrest,Probable Cause,Both,Stop,MD,02 - Automobile,2018,DODGE,CHARGER,GRAY,Citation,False,BLACK,M,MONTGOMERY VILLAGE,MD,MD,B - Unmarked Patrol
186,5/31/23,23:59:00,OPERATING VEHICLE ON HIGHWAY WITH UNAUTHORIZED WINDOW TINTING MATERIAL,39.14065,-77.21106167,No,No,No,No,No,No,No,No,No,Contraband and Property,Arrest,Probable Cause,Both,Stop,MD,02 - Automobile,2018,DODGE,CHARGER,GRAY,Citation,False,BLACK,M,MONTGOMERY VILLAGE,MD,MD,B - Unmarked Patrol
187,6/6/23,13:01:00,DRIVING VEHICLE WHILE UNDER THE INFLUENCE OF ALCOHOL PER SE,0.0,0.0,No,No,No,No,No,No,No,No,No,Property Only,Arrest,Incident to Arrest,Both,Stop,MA,02 - Automobile,2006,HONDA,ODYSSEY,GOLD,Citation,False,HISPANIC,M,SILVER SPRING,MD,XX,A - Marked Patrol
188,6/6/23,13:01:00,DRIVING VEHICLE WHILE UNDER THE INFLUENCE OF ALCOHOL,0.0,0.0,No,No,No,No,No,No,No,No,No,Property Only,Arrest,Incident to Arrest,Both,Stop,MA,02 - Automobile,2006,HONDA,ODYSSEY,GOLD,Citation,False,HISPANIC,M,SILVER SPRING,MD,XX,A - Marked Patrol
189,6/6/23,13:01:00,DRIVING VEH. WHILE IMPAIRED BY ALCOHOL,0.0,0.0,No,No,No,No,No,No,No,No,No,Property Only,Arrest,Incident to Arrest,Both,Stop,MA,02 - Automobile,2006,HONDA,ODYSSEY,GOLD,Citation,False,HISPANIC,M,SILVER SPRING,MD,XX,A - Marked Patrol
190,6/6/23,13:01:00,DRIVING MOTOR VEHICLE ON HIGHWAY WITHOUT REQUIRED LICENSE AND AUTHORIZATION,0.0,0.0,No,No,No,No,No,No,No,No,No,Property Only,Arrest,Incident to Arrest,Both,Stop,MA,02 - Automobile,2006,HONDA,ODYSSEY,GOLD,Citation,False,HISPANIC,M,SILVER SPRING,MD,XX,A - Marked Patrol
191,6/6/23,13:01:00,FAILURE OF INDIVIDUAL DRIVING ON HIGHWAY TO DISPLAY LICENSE TO UNIFORMED POLICE ON DEMAND,0.0,0.0,No,No,No,No,No,No,No,No,No,Property Only,Arrest,Incident to Arrest,Both,Stop,MA,02 - Automobile,2006,HONDA,ODYSSEY,GOLD,Citation,False,HISPANIC,M,SILVER SPRING,MD,XX,A - Marked Patrol
192,6/6/23,13:01:00,RECKLESS DRIVING VEHICLE IN WANTON AND WILLFUL DISREGARD FOR SAFETY OF PERSONS AND PROPERTY,0.0,0.0,No,No,No,No,No,No,No,No,No,Property Only,Arrest,Incident to Arrest,Both,Stop,MA,02 - Automobile,2006,HONDA,ODYSSEY,GOLD,Citation,False,HISPANIC,M,SILVER SPRING,MD,XX,A - Marked Patrol
193,6/6/23,13:01:00,"NEGLIGENT DRIVING VEHICLE IN CARELESS AND IMPRUDENT MANNER ENDANGERING PROPERTY, LIFE AND PERSON",0.0,0.0,No,No,No,No,No,No,No,No,No,Property Only,Arrest,Incident to Arrest,Both,Stop,MA,02 - Automobile,2006,HONDA,ODYSSEY,GOLD,Citation,False,HISPANIC,M,SILVER SPRING,MD,XX,A - Marked Patrol
194,6/8/23,03:31:00,EXCEEDING THE POSTED SPEED LIMIT OF 35 MPH,39.11215333,-77.16149833,No,No,No,No,No,No,No,No,No,Contraband Only,Arrest,Incident to Arrest,Property,Stop,MD,02 - Automobile,2019,FORD,FUSION,SILVER,Warning,False,WHITE,M,GAITHERSBURG,MD,MD,A - Marked Patrol
195,6/8/23,03:31:00,FAILURE TO DISPLAY REGISTRATION CARD UPON DEMAND BY POLICE OFFICER,39.11215333,-77.16149833,No,No,No,No,No,No,No,No,No,Contraband Only,Arrest,Incident to Arrest,Property,Stop,MD,02 - Automobile,2019,FORD,FUSION,SILVER,Warning,False,WHITE,M,GAITHERSBURG,MD,MD,A - Marked Patrol
196,2/23/13,03:29:00,FAILURE TO EQUIP VEH. WITH REQUIRED REAR STOP LAMP,0.0,0.0,No,No,No,No,No,No,No,No,No,Nothing,Arrest,Incident to Arrest,Both,Stop,MD,02 - Automobile,2000,TOYT,2S,BLACK,Citation,False,WHITE,M,GERMANTOWN,MD,MD,A - Marked Patrol
197,6/13/23,19:34:00,DRIVING VEHICLE ON HIGHWAY WITH SUSPENDED REGISTRATION,39.15503083,-77.200001,No,No,No,No,No,No,No,No,No,Contraband and Property,Arrest,Probable Cause,Both,Warrant,MD,02 - Automobile,2014,NISS,ROGUE,WHITE,Warning,False,BLACK,M,EVERETT,MA,MA,A - Marked Patrol
198,6/13/23,19:34:00,FAILURE OF INDIVIDUAL DRIVING ON HIGHWAY TO DISPLAY LICENSE TO UNIFORMED POLICE ON DEMAND,39.15503083,-77.200001,No,No,No,No,No,No,No,No,No,Contraband and Property,Arrest,Probable Cause,Both,Warrant,MD,02 - Automobile,2014,NISS,ROGUE,WHITE,Warning,False,BLACK,M,EVERETT,MA,MA,A - Marked Patrol
199,6/13/23,00:58:00,DRIVER FAIL TO MAKE REQUIRED STOP AT SIGN,39.03436583,-77.04922583,No,No,No,No,No,No,No,No,No,Contraband and Property,Arrest,Probable Cause,Both,Search,DC,02 - Automobile,2018,BMW,430I,BLACK,Warning,False,BLACK,M,WASHINGTON,DC,DC,A - Marked Patrol
200,6/13/23,00:58:00,OPERATING VEHICLE ON HIGHWAY WITH UNAUTHORIZED WINDOW TINTING MATERIAL,39.03436583,-77.04922583,No,No,No,No,No,No,No,No,No,Contraband and Property,Arrest,Probable Cause,Both,Search,DC,02 - Automobile,2018,BMW,430I,BLACK,Warning,False,BLACK,M,WASHINGTON,DC,DC,A - Marked Patrol
201,6/15/23,02:31:00,DRIVING VEHICLE WHILE UNDER THE INFLUENCE OF ALCOHOL,39.08354333,-77.157365,No,No,No,No,No,No,No,No,No,Contraband and Property,Arrest,Incident to Arrest,Both,Stop,VA,02 - Automobile,2020,NISSAN,MURANO,SILVER,Citation,False,BLACK,U,ROCKVILLE,MD,MD,B - Unmarked Patrol
202,6/15/23,02:31:00,DRIVING VEH. WHILE IMPAIRED BY ALCOHOL,39.08354333,-77.157365,No,No,No,No,No,No,No,No,No,Contraband and Property,Arrest,Incident to Arrest,Both,Stop,VA,02 - Automobile,2020,NISSAN,MURANO,SILVER,Citation,False,BLACK,U,ROCKVILLE,MD,MD,B - Unmarked Patrol
203,6/15/23,02:31:00,DRIVING VEHICLE WHILE UNDER THE INFLUENCE OF ALCOHOL PER SE,39.08354333,-77.157365,No,No,No,No,No,No,No,No,No,Contraband and Property,Arrest,Incident to Arrest,Both,Stop,VA,02 - Automobile,2020,NISSAN,MURANO,SILVER,Citation,False,BLACK,U,ROCKVILLE,MD,MD,B - Unmarked Patrol
204,6/15/23,02:31:00,"NEGLIGENT DRIVING VEHICLE IN CARELESS AND IMPRUDENT MANNER ENDANGERING PROPERTY, LIFE AND PERSON",39.08354333,-77.157365,No,No,No,No,No,No,No,No,No,Contraband and Property,Arrest,Incident to Arrest,Both,Stop,VA,02 - Automobile,2020,NISSAN,MURANO,SILVER,Citation,False,BLACK,U,ROCKVILLE,MD,MD,B - Unmarked Patrol
205,6/15/23,02:31:00,RECKLESS DRIVING VEHICLE IN WANTON AND WILLFUL DISREGARD FOR SAFETY OF PERSONS AND PROPERTY,39.08354333,-77.157365,No,No,No,No,No,No,No,No,No,Contraband and Property,Arrest,Incident to Arrest,Both,Stop,VA,02 - Automobile,2020,NISSAN,MURANO,SILVER,Citation,False,BLACK,U,ROCKVILLE,MD,MD,B - Unmarked Patrol
206,6/15/23,02:31:00,DRIVER FAILURE TO OBEY PROPERLY PLACED TRAFFIC CONTROL DEVICE INSTRUCTIONS,39.08354333,-77.157365,No,No,No,No,No,No,No,No,No,Contraband and Property,Arrest,Incident to Arrest,Both,Stop,VA,02 - Automobile,2020,NISSAN,MURANO,SILVER,Citation,False,BLACK,U,ROCKVILLE,MD,MD,B - Unmarked Patrol
207,6/15/23,02:31:00,STOPPING VEH. ON HWY. OUTSIDE BUSINESS & RESIDENTIAL DISTRICT,39.08354333,-77.157365,No,No,No,No,No,No,No,No,No,Contraband and Property,Arrest,Incident to Arrest,Both,Stop,VA,02 - Automobile,2020,NISSAN,MURANO,SILVER,Citation,False,BLACK,U,ROCKVILLE,MD,MD,B - Unmarked Patrol
208,6/15/23,02:31:00,CAUSING STANDING VEH. TO OBSTRUCT FREE VEH. PASSAGE OF ROADWAY,39.08354333,-77.157365,No,No,No,No,No,No,No,No,No,Contraband and Property,Arrest,Incident to Arrest,Both,Stop,VA,02 - Automobile,2020,NISSAN,MURANO,SILVER,Citation,False,BLACK,U,ROCKVILLE,MD,MD,B - Unmarked Patrol
209,6/15/23,02:31:00,STOPPING VEH. ON CROSSWALK,39.08354333,-77.157365,No,No,No,No,No,No,No,No,No,Contraband and Property,Arrest,Incident to Arrest,Both,Stop,VA,02 - Automobile,2020,NISSAN,MURANO,SILVER,Citation,False,BLACK,U,ROCKVILLE,MD,MD,B - Unmarked Patrol
210,6/15/23,02:31:00,FAILURE OF DRIVER TO DRIVE TO CURB UPON SIGNAL BY POLICE VEH.,39.08354333,-77.157365,No,No,No,No,No,No,No,No,No,Contraband and Property,Arrest,Incident to Arrest,Both,Stop,VA,02 - Automobile,2020,NISSAN,MURANO,SILVER,Citation,False,BLACK,U,ROCKVILLE,MD,MD,B - Unmarked Patrol
211,6/15/23,02:31:00,DISPLAYING EXPIRED REGISTRATION PLATE ISSUED BY ANY STATE,39.08354333,-77.157365,No,No,No,No,No,No,No,No,No,Contraband and Property,Arrest,Incident to Arrest,Both,Stop,VA,02 - Automobile,2020,NISSAN,MURANO,SILVER,Citation,False,BLACK,U,ROCKVILLE,MD,MD,B - Unmarked Patrol
212,6/15/23,02:31:00,DRIVING VEHICLE ON HIGHWAY WITHOUT CURRENT REGISTRATION PLATES AND VALIDATION TABS,39.08354333,-77.157365,No,No,No,No,No,No,No,No,No,Contraband and Property,Arrest,Incident to Arrest,Both,Stop,VA,02 - Automobile,2020,NISSAN,MURANO,SILVER,Citation,False,BLACK,U,ROCKVILLE,MD,MD,B - Unmarked Patrol
213,6/16/23,01:20:00,DRIVING VEH. WHILE IMPAIRED BY ALCOHOL,39.04665833,-76.98678667,No,No,No,No,No,No,No,No,No,Property Only,Arrest,Incident to Arrest,Both,Stop,MD,02 - Automobile,2004,FORD,F250,GRAY,Citation,False,HISPANIC,M,HYATTSVILLE,MD,MD,B - Unmarked Patrol
214,6/16/23,01:20:00,DRIVING VEHICLE WHILE UNDER THE INFLUENCE OF ALCOHOL,39.04665833,-76.98678667,No,No,No,No,No,No,No,No,No,Property Only,Arrest,Incident to Arrest,Both,Stop,MD,02 - Automobile,2004,FORD,F250,GRAY,Citation,False,HISPANIC,M,HYATTSVILLE,MD,MD,B - Unmarked Patrol
215,6/16/23,01:20:00,"NEGLIGENT DRIVING VEHICLE IN CARELESS AND IMPRUDENT MANNER ENDANGERING PROPERTY, LIFE AND PERSON",39.04665833,-76.98678667,No,No,No,No,No,No,No,No,No,Property Only,Arrest,Incident to Arrest,Both,Stop,MD,02 - Automobile,2004,FORD,F250,GRAY,Citation,False,HISPANIC,M,HYATTSVILLE,MD,MD,B - Unmarked Patrol
216,6/16/23,01:20:00,RECKLESS DRIVING VEHICLE IN WANTON AND WILLFUL DISREGARD FOR SAFETY OF PERSONS AND PROPERTY,39.04665833,-76.98678667,No,No,No,No,No,No,No,No,No,Property Only,Arrest,Incident to Arrest,Both,Stop,MD,02 - Automobile,2004,FORD,F250,GRAY,Citation,False,HISPANIC,M,HYATTSVILLE,MD,MD,B - Unmarked Patrol
217,6/16/23,01:20:00,DRIVER FAILURE TO OBEY PROPERLY PLACED TRAFFIC CONTROL DEVICE INSTRUCTIONS,39.04665833,-76.98678667,No,No,No,No,No,No,No,No,No,Property Only,Arrest,Incident to Arrest,Both,Stop,MD,02 - Automobile,2004,FORD,F250,GRAY,Citation,False,HISPANIC,M,HYATTSVILLE,MD,MD,B - Unmarked Patrol
218,6/16/23,01:20:00,DRIVER CHANGING LANES WHEN UNSAFE,39.04665833,-76.98678667,No,No,No,No,No,No,No,No,No,Property Only,Arrest,Incident to Arrest,Both,Stop,MD,02 - Automobile,2004,FORD,F250,GRAY,Citation,False,HISPANIC,M,HYATTSVILLE,MD,MD,B - Unmarked Patrol
219,6/16/23,01:20:00,WILLFULLY DRIVING MOTOR VEH. AT SLOW SPEED IMPEDING NORMAL AND REASONABLE TRAFFIC MOVEMENT,39.04665833,-76.98678667,No,No,No,No,No,No,No,No,No,Property Only,Arrest,Incident to Arrest,Both,Stop,MD,02 - Automobile,2004,FORD,F250,GRAY,Citation,False,HISPANIC,M,HYATTSVILLE,MD,MD,B - Unmarked Patrol
220,6/16/23,01:20:00,FAILURE TO DISPLAY REGISTRATION CARD UPON DEMAND BY POLICE OFFICER,39.04665833,-76.98678667,No,No,No,No,No,No,No,No,No,Property Only,Arrest,Incident to Arrest,Both,Stop,MD,02 - Automobile,2004,FORD,F250,GRAY,Citation,False,HISPANIC,M,HYATTSVILLE,MD,MD,B - Unmarked Patrol
221,6/16/23,01:20:00,DRIVING VEHICLE ON HIGHWAY WITH SUSPENDED REGISTRATION,39.04665833,-76.98678667,No,No,No,No,No,No,No,No,No,Property Only,Arrest,Incident to Arrest,Both,Stop,MD,02 - Automobile,2004,FORD,F250,GRAY,Citation,False,HISPANIC,M,HYATTSVILLE,MD,MD,B - Unmarked Patrol
222,6/16/23,01:20:00,DRIVING MOTOR VEHICLE ON HIGHWAY WITHOUT REQUIRED LICENSE AND AUTHORIZATION,39.04665833,-76.98678667,No,No,No,No,No,No,No,No,No,Property Only,Arrest,Incident to Arrest,Both,Stop,MD,02 - Automobile,2004,FORD,F250,GRAY,Citation,False,HISPANIC,M,HYATTSVILLE,MD,MD,B - Unmarked Patrol
223,6/16/23,01:20:00,FAILURE TO STOP VEH. WITHIN 12 INCHES OF RIGHT CURB,39.04665833,-76.98678667,No,No,No,No,No,No,No,No,No,Property Only,Arrest,Incident to Arrest,Both,Stop,MD,02 - Automobile,2004,FORD,F250,GRAY,Citation,False,HISPANIC,M,HYATTSVILLE,MD,MD,B - Unmarked Patrol
224,6/15/23,21:04:00,DRIVING VEHICLE IN EXCESS OF REASONABLE AND PRUDENT SPEED ON HIGHWAY 60+,39.11379633,-77.23560017,No,No,No,No,No,No,No,No,Yes,Property Only,Arrest,Incident to Arrest,Both,Other,DC,02 - Automobile,2016,LEXUS,4DR,SILVER,Citation,False,BLACK,M,WASHINGTON,DC,XX,A - Marked Patrol
225,6/15/23,21:04:00,FAILURE TO CONTROL VEHICLE SPEED ON HIGHWAY TO AVOID COLLISION,39.11379633,-77.23560017,No,No,No,No,No,No,No,No,Yes,Property Only,Arrest,Incident to Arrest,Both,Other,DC,02 - Automobile,2016,LEXUS,4DR,SILVER,Citation,False,BLACK,M,WASHINGTON,DC,XX,A - Marked Patrol
226,6/15/23,21:04:00,DRIVING TO DRIVE MOTOR VEHICLE ON HIGHWAY WITHOUT REQUIRED LICENSE AND AUTHORIZATION,39.11379633,-77.23560017,No,No,No,No,No,No,No,No,Yes,Property Only,Arrest,Incident to Arrest,Both,Other,DC,02 - Automobile,2016,LEXUS,4DR,SILVER,Citation,False,BLACK,M,WASHINGTON,DC,XX,A - Marked Patrol
227,6/15/23,21:04:00,DRIVING VEHICLE ON HIGHWAY WITHOUT CURRENT REGISTRATION PLATES AND VALIDATION TABS,39.11379633,-77.23560017,No,No,No,No,No,No,No,No,Yes,Property Only,Arrest,Incident to Arrest,Both,Other,DC,02 - Automobile,2016,LEXUS,4DR,SILVER,Citation,False,BLACK,M,WASHINGTON,DC,XX,A - Marked Patrol
228,6/15/23,21:04:00,DISPLAYING  REG. PLATE ISSUED FOR OTHER VEHICLE,39.11379633,-77.23560017,No,No,No,No,No,No,No,No,Yes,Property Only,Arrest,Incident to Arrest,Both,Other,DC,02 - Automobile,2016,LEXUS,4DR,SILVER,Citation,False,BLACK,M,WASHINGTON,DC,XX,A - Marked Patrol
229,6/15/23,21:04:00,FAILURE TO PLACE REGISTRATION PLATE TO VEHICLE,39.11379633,-77.23560017,No,No,No,No,No,No,No,No,Yes,Property Only,Arrest,Incident to Arrest,Both,Other,DC,02 - Automobile,2016,LEXUS,4DR,SILVER,Citation,False,BLACK,M,WASHINGTON,DC,XX,A - Marked Patrol
230,6/15/23,21:04:00,RECKLESS DRIVING VEHICLE IN WANTON AND WILLFUL DISREGARD FOR SAFETY OF PERSONS AND PROPERTY,39.11379633,-77.23560017,No,No,No,No,No,No,No,No,Yes,Property Only,Arrest,Incident to Arrest,Both,Other,DC,02 - Automobile,2016,LEXUS,4DR,SILVER,Citation,False,BLACK,M,WASHINGTON,DC,XX,A - Marked Patrol
231,6/15/23,21:04:00,DRIVER FAILURE TO OBEY PROPERLY PLACED TRAFFIC CONTROL DEVICE INSTRUCTIONS,39.11379633,-77.23560017,No,No,No,No,No,No,No,No,Yes,Property Only,Arrest,Incident to Arrest,Both,Other,DC,02 - Automobile,2016,LEXUS,4DR,SILVER,Citation,False,BLACK,M,WASHINGTON,DC,XX,A - Marked Patrol
232,6/15/23,21:04:00,DRIVER CHANGING LANES WHEN UNSAFE,39.11379633,-77.23560017,No,No,No,No,No,No,No,No,Yes,Property Only,Arrest,Incident to Arrest,Both,Other,DC,02 - Automobile,2016,LEXUS,4DR,SILVER,Citation,False,BLACK,M,WASHINGTON,DC,XX,A - Marked Patrol
233,6/15/23,21:04:00,FAILURE TO DRIVE VEHICLE ON RIGHT HALF OF ROADWAY WHEN REQUIRED,39.11379633,-77.23560017,No,No,No,No,No,No,No,No,Yes,Property Only,Arrest,Incident to Arrest,Both,Other,DC,02 - Automobile,2016,LEXUS,4DR,SILVER,Citation,False,BLACK,M,WASHINGTON,DC,XX,A - Marked Patrol
234,6/15/23,21:04:00,DRIVER FAILURE TO STOP AT STOP SIGN LINE,39.11379633,-77.23560017,No,No,No,No,No,No,No,No,Yes,Property Only,Arrest,Incident to Arrest,Both,Other,DC,02 - Automobile,2016,LEXUS,4DR,SILVER,Citation,False,BLACK,M,WASHINGTON,DC,XX,A - Marked Patrol
235,6/15/23,21:04:00,DRIVER FAILURE TO STOP AT STEADY CIRCULAR RED SIGNAL,39.11379633,-77.23560017,No,No,No,No,No,No,No,No,Yes,Property Only,Arrest,Incident to Arrest,Both,Other,DC,02 - Automobile,2016,LEXUS,4DR,SILVER,Citation,False,BLACK,M,WASHINGTON,DC,XX,A - Marked Patrol
236,6/15/23,21:04:00,DRIVING ON MEDIAN STRIP ON DIVIDED HWY.,39.11379633,-77.23560017,No,No,No,No,No,No,No,No,Yes,Property Only,Arrest,Incident to Arrest,Both,Other,DC,02 - Automobile,2016,LEXUS,4DR,SILVER,Citation,False,BLACK,M,WASHINGTON,DC,XX,A - Marked Patrol
237,6/16/23,01:55:00,DRIVING VEHICLE WHILE UNDER THE INFLUENCE OF ALCOHOL,39.04168,-77.05133,No,No,No,No,No,No,No,No,No,Contraband and Property,Arrest,Incident to Arrest,Both,Stop,MD,02 - Automobile,2015,LEXUS,NX200T,WHITE,Citation,False,HISPANIC,F,ROCKVILLE,MD,MD,B - Unmarked Patrol
238,6/16/23,01:55:00,DRIVING VEH. WHILE IMPAIRED BY ALCOHOL,39.04168,-77.05133,No,No,No,No,No,No,No,No,No,Contraband and Property,Arrest,Incident to Arrest,Both,Stop,MD,02 - Automobile,2015,LEXUS,NX200T,WHITE,Citation,False,HISPANIC,F,ROCKVILLE,MD,MD,B - Unmarked Patrol
239,6/16/23,01:55:00,"NEGLIGENT DRIVING VEHICLE IN CARELESS AND IMPRUDENT MANNER ENDANGERING PROPERTY, LIFE AND PERSON",39.04168,-77.05133,No,No,No,No,No,No,No,No,No,Contraband and Property,Arrest,Incident to Arrest,Both,Stop,MD,02 - Automobile,2015,LEXUS,NX200T,WHITE,Citation,False,HISPANIC,F,ROCKVILLE,MD,MD,B - Unmarked Patrol
240,6/16/23,01:55:00,RECKLESS DRIVING VEHICLE IN WANTON AND WILLFUL DISREGARD FOR SAFETY OF PERSONS AND PROPERTY,39.04168,-77.05133,No,No,No,No,No,No,No,No,No,Contraband and Property,Arrest,Incident to Arrest,Both,Stop,MD,02 - Automobile,2015,LEXUS,NX200T,WHITE,Citation,False,HISPANIC,F,ROCKVILLE,MD,MD,B - Unmarked Patrol
241,6/16/23,01:55:00,DRIVER FAILURE TO OBEY PROPERLY PLACED TRAFFIC CONTROL DEVICE INSTRUCTIONS,39.04168,-77.05133,No,No,No,No,No,No,No,No,No,Contraband and Property,Arrest,Incident to Arrest,Both,Stop,MD,02 - Automobile,2015,LEXUS,NX200T,WHITE,Citation,False,HISPANIC,F,ROCKVILLE,MD,MD,B - Unmarked Patrol
242,6/16/23,01:55:00,DRIVER FAILURE TO STOP AT STOP SIGN LINE,39.04168,-77.05133,No,No,No,No,No,No,No,No,No,Contraband and Property,Arrest,Incident to Arrest,Both,Stop,MD,02 - Automobile,2015,LEXUS,NX200T,WHITE,Citation,False,HISPANIC,F,ROCKVILLE,MD,MD,B - Unmarked Patrol
243,6/16/23,01:55:00,DRIVER USE OF MOTOR VEH. HORN ON HWY. WHEN NOT REASONABLY NECESSARY FOR SAFETY,39.04168,-77.05133,No,No,No,No,No,No,No,No,No,Contraband and Property,Arrest,Incident to Arrest,Both,Stop,MD,02 - Automobile,2015,LEXUS,NX200T,WHITE,Citation,False,HISPANIC,F,ROCKVILLE,MD,MD,B - Unmarked Patrol
244,6/16/23,01:55:00,FAILURE TO DRIVE VEHICLE ON RIGHT HALF OF ROADWAY WHEN REQUIRED,39.04168,-77.05133,No,No,No,No,No,No,No,No,No,Contraband and Property,Arrest,Incident to Arrest,Both,Stop,MD,02 - Automobile,2015,LEXUS,NX200T,WHITE,Citation,False,HISPANIC,F,ROCKVILLE,MD,MD,B - Unmarked Patrol
245,6/18/23,03:15:00,DRIVING VEH. WHILE IMPAIRED BY ALCOHOL,39.04566333,-76.98363667,No,No,No,No,No,No,No,No,No,Nothing,Arrest,Incident to Arrest,Both,Stop,VA,02 - Automobile,2022,TOYOTA,CAMRY,SILVER,Citation,False,BLACK,M,ANNANDALE,VA,VA,B - Unmarked Patrol
246,6/18/23,03:15:00,DRIVING VEHICLE WHILE UNDER THE INFLUENCE OF ALCOHOL,39.04566333,-76.98363667,No,No,No,No,No,No,No,No,No,Nothing,Arrest,Incident to Arrest,Both,Stop,VA,02 - Automobile,2022,TOYOTA,CAMRY,SILVER,Citation,False,BLACK,M,ANNANDALE,VA,VA,B - Unmarked Patrol
247,6/18/23,03:15:00,DRIVING VEHICLE WHILE UNDER THE INFLUENCE OF ALCOHOL PER SE,39.04566333,-76.98363667,No,No,No,No,No,No,No,No,No,Nothing,Arrest,Incident to Arrest,Both,Stop,VA,02 - Automobile,2022,TOYOTA,CAMRY,SILVER,Citation,False,BLACK,M,ANNANDALE,VA,VA,B - Unmarked Patrol
248,6/18/23,03:15:00,"NEGLIGENT DRIVING VEHICLE IN CARELESS AND IMPRUDENT MANNER ENDANGERING PROPERTY, LIFE AND PERSON",39.04566333,-76.98363667,No,No,No,No,No,No,No,No,No,Nothing,Arrest,Incident to Arrest,Both,Stop,VA,02 - Automobile,2022,TOYOTA,CAMRY,SILVER,Citation,False,BLACK,M,ANNANDALE,VA,VA,B - Unmarked Patrol
249,6/18/23,03:15:00,RECKLESS DRIVING VEHICLE IN WANTON AND WILLFUL DISREGARD FOR SAFETY OF PERSONS AND PROPERTY,39.04566333,-76.98363667,No,No,No,No,No,No,No,No,No,Nothing,Arrest,Incident to Arrest,Both,Stop,VA,02 - Automobile,2022,TOYOTA,CAMRY,SILVER,Citation,False,BLACK,M,ANNANDALE,VA,VA,B - Unmarked Patrol
250,6/18/23,03:15:00,DRIVER FAILURE TO OBEY PROPERLY PLACED TRAFFIC CONTROL DEVICE INSTRUCTIONS,39.04566333,-76.98363667,No,No,No,No,No,No,No,No,No,Nothing,Arrest,Incident to Arrest,Both,Stop,VA,02 - Automobile,2022,TOYOTA,CAMRY,SILVER,Citation,False,BLACK,M,ANNANDALE,VA,VA,B - Unmarked Patrol
251,6/18/23,03:15:00,DRIVER CHANGING LANES WHEN UNSAFE,39.04566333,-76.98363667,No,No,No,No,No,No,No,No,No,Nothing,Arrest,Incident to Arrest,Both,Stop,VA,02 - Automobile,2022,TOYOTA,CAMRY,SILVER,Citation,False,BLACK,M,ANNANDALE,VA,VA,B - Unmarked Patrol
252,6/18/23,03:15:00,FAILURE TO DRIVE VEHICLE ON RIGHT HALF OF ROADWAY WHEN REQUIRED,39.04566333,-76.98363667,No,No,No,No,No,No,No,No,No,Nothing,Arrest,Incident to Arrest,Both,Stop,VA,02 - Automobile,2022,TOYOTA,CAMRY,SILVER,Citation,False,BLACK,M,ANNANDALE,VA,VA,B - Unmarked Patrol
253,6/18/23,03:15:00,DRIVER FAILING TO MAKE LEFT TURN FROM LEFT TURN LANE,39.04566333,-76.98363667,No,No,No,No,No,No,No,No,No,Nothing,Arrest,Incident to Arrest,Both,Stop,VA,02 - Automobile,2022,TOYOTA,CAMRY,SILVER,Citation,False,BLACK,M,ANNANDALE,VA,VA,B - Unmarked Patrol
254,6/16/23,22:35:00,DRIVING VEHICLE WHILE UNDER THE INFLUENCE OF ALCOHOL,39.15310667,-77.06805,No,No,No,No,No,No,No,No,No,Contraband and Property,Arrest,Incident to Arrest,Both,Stop,MD,02 - Automobile,2012,CHEVROLET,SILVERADO,WHITE,Citation,False,WHITE,M,OLNEY,MD,MD,B - Unmarked Patrol
255,6/16/23,22:35:00,DRIVING VEH. WHILE IMPAIRED BY ALCOHOL,39.15310667,-77.06805,No,No,No,No,No,No,No,No,No,Contraband and Property,Arrest,Incident to Arrest,Both,Stop,MD,02 - Automobile,2012,CHEVROLET,SILVERADO,WHITE,Citation,False,WHITE,M,OLNEY,MD,MD,B - Unmarked Patrol
256,6/16/23,22:35:00,DRIVING VEH WHILE SO FAR IMPAIRED BY DRUGS & ALCOHOL CANNOT DRIVE SAFELY,39.15310667,-77.06805,No,No,No,No,No,No,No,No,No,Contraband and Property,Arrest,Incident to Arrest,Both,Stop,MD,02 - Automobile,2012,CHEVROLET,SILVERADO,WHITE,Citation,False,WHITE,M,OLNEY,MD,MD,B - Unmarked Patrol
257,6/16/23,22:35:00,"NEGLIGENT DRIVING VEHICLE IN CARELESS AND IMPRUDENT MANNER ENDANGERING PROPERTY, LIFE AND PERSON",39.15310667,-77.06805,No,No,No,No,No,No,No,No,No,Contraband and Property,Arrest,Incident to Arrest,Both,Stop,MD,02 - Automobile,2012,CHEVROLET,SILVERADO,WHITE,Citation,False,WHITE,M,OLNEY,MD,MD,B - Unmarked Patrol
258,6/16/23,22:35:00,RECKLESS DRIVING VEHICLE IN WANTON AND WILLFUL DISREGARD FOR SAFETY OF PERSONS AND PROPERTY,39.15310667,-77.06805,No,No,No,No,No,No,No,No,No,Contraband and Property,Arrest,Incident to Arrest,Both,Stop,MD,02 - Automobile,2012,CHEVROLET,SILVERADO,WHITE,Citation,False,WHITE,M,OLNEY,MD,MD,B - Unmarked Patrol
259,6/16/23,22:35:00,DRIVER FAILURE TO OBEY PROPERLY PLACED TRAFFIC CONTROL DEVICE INSTRUCTIONS,39.15310667,-77.06805,No,No,No,No,No,No,No,No,No,Contraband and Property,Arrest,Incident to Arrest,Both,Stop,MD,02 - Automobile,2012,CHEVROLET,SILVERADO,WHITE,Citation,False,WHITE,M,OLNEY,MD,MD,B - Unmarked Patrol
260,6/16/23,22:35:00,DRIVING VEHICLE IN EXCESS OF REASONABLE AND PRUDENT SPEED ON HIGHWAY,39.15310667,-77.06805,No,No,No,No,No,No,No,No,No,Contraband and Property,Arrest,Incident to Arrest,Both,Stop,MD,02 - Automobile,2012,CHEVROLET,SILVERADO,WHITE,Citation,False,WHITE,M,OLNEY,MD,MD,B - Unmarked Patrol
261,6/16/23,22:35:00,DRIVER SPINNING WHEELS,39.15310667,-77.06805,No,No,No,No,No,No,No,No,No,Contraband and Property,Arrest,Incident to Arrest,Both,Stop,MD,02 - Automobile,2012,CHEVROLET,SILVERADO,WHITE,Citation,False,WHITE,M,OLNEY,MD,MD,B - Unmarked Patrol
262,6/16/23,22:35:00,DRIVE ACROSS PRIVATE PROPERTY FOR THE PURPOSE OF AVOIDING TRAFFIC CONTROL DEVICE,39.15310667,-77.06805,No,No,No,No,No,No,No,No,No,Contraband and Property,Arrest,Incident to Arrest,Both,Stop,MD,02 - Automobile,2012,CHEVROLET,SILVERADO,WHITE,Citation,False,WHITE,M,OLNEY,MD,MD,B - Unmarked Patrol
263,6/16/23,22:35:00,FAILURE OF DRIVER TO DRIVE TO CURB UPON SIGNAL BY POLICE VEH.,39.15310667,-77.06805,No,No,No,No,No,No,No,No,No,Contraband and Property,Arrest,Incident to Arrest,Both,Stop,MD,02 - Automobile,2012,CHEVROLET,SILVERADO,WHITE,Citation,False,WHITE,M,OLNEY,MD,MD,B - Unmarked Patrol
264,6/16/23,22:35:00,WILLFULLY DISOBEYING LAWFUL ORDER OF A POLICE OFFICER,39.15310667,-77.06805,No,No,No,No,No,No,No,No,No,Contraband and Property,Arrest,Incident to Arrest,Both,Stop,MD,02 - Automobile,2012,CHEVROLET,SILVERADO,WHITE,Citation,False,WHITE,M,OLNEY,MD,MD,B - Unmarked Patrol
265,6/16/23,22:35:00,ATTEMPT BY DRIVER TO ELUDE UNIFORMED POLICE BY FLEEING ON FOOT,39.15310667,-77.06805,No,No,No,No,No,No,No,No,No,Contraband and Property,Arrest,Incident to Arrest,Both,Stop,MD,02 - Automobile,2012,CHEVROLET,SILVERADO,WHITE,Citation,False,WHITE,M,OLNEY,MD,MD,B - Unmarked Patrol
266,6/16/23,22:35:00,ATTEMPT BY DRIVER TO ELUDE POLICE IN OFFICIAL POLICE VEH. BY FLEEING ON FOOT,39.15310667,-77.06805,No,No,No,No,No,No,No,No,No,Contraband and Property,Arrest,Incident to Arrest,Both,Stop,MD,02 - Automobile,2012,CHEVROLET,SILVERADO,WHITE,Citation,False,WHITE,M,OLNEY,MD,MD,B - Unmarked Patrol
267,6/16/23,22:35:00,FAILURE OF INDIVIDUAL DRIVING ON HWY TO DISPLAY LICENSE TO UNIFORMED POLICE ON DEMAND,39.15310667,-77.06805,No,No,No,No,No,No,No,No,No,Contraband and Property,Arrest,Incident to Arrest,Both,Stop,MD,02 - Automobile,2012,CHEVROLET,SILVERADO,WHITE,Citation,False,WHITE,M,OLNEY,MD,MD,B - Unmarked Patrol
268,6/16/23,22:35:00,FAILURE TO DISPLAY REGISTRATION CARD UPON DEMAND BY POLICE OFFICER,39.15310667,-77.06805,No,No,No,No,No,No,No,No,No,Contraband and Property,Arrest,Incident to Arrest,Both,Stop,MD,02 - Automobile,2012,CHEVROLET,SILVERADO,WHITE,Citation,False,WHITE,M,OLNEY,MD,MD,B - Unmarked Patrol
269,6/16/23,22:35:00,STOPPING VEH. IN INTERSECTION,39.15310667,-77.06805,No,No,No,No,No,No,No,No,No,Contraband and Property,Arrest,Incident to Arrest,Both,Stop,MD,02 - Automobile,2012,CHEVROLET,SILVERADO,WHITE,Citation,False,WHITE,M,OLNEY,MD,MD,B - Unmarked Patrol
270,6/19/23,02:14:00,EXCEEDING THE POSTED SPEED LIMIT OF 35 MPH,0.0,0.0,No,No,No,No,No,Yes,No,No,No,Nothing,Arrest,Incident to Arrest,Both,Stop,MD,02 - Automobile,2020,TOYOTA,CAMRY,WHITE,Warning,False,HISPANIC,M,SILVER SPRING,MD,XX,A - Marked Patrol
271,6/19/23,02:14:00,RECKLESS DRIVING VEHICLE IN WANTON AND WILLFUL DISREGARD FOR SAFETY OF PERSONS AND PROPERTY,0.0,0.0,No,No,No,No,No,Yes,No,No,No,Nothing,Arrest,Incident to Arrest,Both,Stop,MD,02 - Automobile,2020,TOYOTA,CAMRY,WHITE,Warning,False,HISPANIC,M,SILVER SPRING,MD,XX,A - Marked Patrol
272,6/22/23,01:34:00,DRIVING VEHICLE WHILE UNDER THE INFLUENCE OF ALCOHOL,0.0,0.0,No,No,No,No,No,No,No,No,No,Contraband Only,Arrest,Incident to Arrest,Person,Stop,OH,02 - Automobile,2005,TOYOTA,MATRIX,SILVER,Citation,False,BLACK,M,PICKERINGTON,OH,OH,A - Marked Patrol
273,6/22/23,01:34:00,"NEGLIGENT DRIVING VEHICLE IN CARELESS AND IMPRUDENT MANNER ENDANGERING PROPERTY, LIFE AND PERSON",0.0,0.0,No,No,No,No,No,No,No,No,No,Contraband Only,Arrest,Incident to Arrest,Person,Stop,OH,02 - Automobile,2005,TOYOTA,MATRIX,SILVER,Citation,False,BLACK,M,PICKERINGTON,OH,OH,A - Marked Patrol
274,6/22/23,01:34:00,RECKLESS DRIVING VEHICLE IN WANTON AND WILLFUL DISREGARD FOR SAFETY OF PERSONS AND PROPERTY,0.0,0.0,No,No,No,No,No,No,No,No,No,Contraband Only,Arrest,Incident to Arrest,Person,Stop,OH,02 - Automobile,2005,TOYOTA,MATRIX,SILVER,Citation,False,BLACK,M,PICKERINGTON,OH,OH,A - Marked Patrol
275,6/22/23,01:34:00,DRIVING VEH. WHILE IMPAIRED BY ALCOHOL,0.0,0.0,No,No,No,No,No,No,No,No,No,Contraband Only,Arrest,Incident to Arrest,Person,Stop,OH,02 - Automobile,2005,TOYOTA,MATRIX,SILVER,Citation,False,BLACK,M,PICKERINGTON,OH,OH,A - Marked Patrol
276,6/22/23,01:43:00,DRIVING VEH WHILE SO FAR IMPAIRED BY DRUGS & ALCOHOL CANNOT DRIVE SAFELY,39.06233557,-77.1589878,No,No,No,No,No,No,No,No,No,Contraband and Property,Arrest,Incident to Arrest,Both,Stop,MD,02 - Automobile,2012,MERCEDES BENZ,C300,BLUE,Citation,False,ASIAN,M,CLARKSBURG,MD,MD,B - Unmarked Patrol
277,6/22/23,01:43:00,DRIVING VEH. WHILE IMPAIRED BY A CONTROLLED DANGEROUS SUBSTANCE,39.06233557,-77.1589878,No,No,No,No,No,No,No,No,No,Contraband and Property,Arrest,Incident to Arrest,Both,Stop,MD,02 - Automobile,2012,MERCEDES BENZ,C300,BLUE,Citation,False,ASIAN,M,CLARKSBURG,MD,MD,B - Unmarked Patrol
278,6/22/23,01:43:00,"NEGLIGENT DRIVING VEHICLE IN CARELESS AND IMPRUDENT MANNER ENDANGERING PROPERTY, LIFE AND PERSON",39.06233557,-77.1589878,No,No,No,No,No,No,No,No,No,Contraband and Property,Arrest,Incident to Arrest,Both,Stop,MD,02 - Automobile,2012,MERCEDES BENZ,C300,BLUE,Citation,False,ASIAN,M,CLARKSBURG,MD,MD,B - Unmarked Patrol
279,6/22/23,01:43:00,RECKLESS DRIVING VEHICLE IN WANTON AND WILLFUL DISREGARD FOR SAFETY OF PERSONS AND PROPERTY,39.06233557,-77.1589878,No,No,No,No,No,No,No,No,No,Contraband and Property,Arrest,Incident to Arrest,Both,Stop,MD,02 - Automobile,2012,MERCEDES BENZ,C300,BLUE,Citation,False,ASIAN,M,CLARKSBURG,MD,MD,B - Unmarked Patrol
280,6/22/23,01:43:00,DRIVER FAILURE TO OBEY PROPERLY PLACED TRAFFIC CONTROL DEVICE INSTRUCTIONS,39.06233557,-77.1589878,No,No,No,No,No,No,No,No,No,Contraband and Property,Arrest,Incident to Arrest,Both,Stop,MD,02 - Automobile,2012,MERCEDES BENZ,C300,BLUE,Citation,False,ASIAN,M,CLARKSBURG,MD,MD,B - Unmarked Patrol
281,6/22/23,01:43:00,LEFT TURN FROM IMPROPER ROAD POSITION,39.06233557,-77.1589878,No,No,No,No,No,No,No,No,No,Contraband and Property,Arrest,Incident to Arrest,Both,Stop,MD,02 - Automobile,2012,MERCEDES BENZ,C300,BLUE,Citation,False,ASIAN,M,CLARKSBURG,MD,MD,B - Unmarked Patrol
282,6/22/23,01:43:00,DRIVER FAIL TO STOP AT FLASHING RED TRAFFIC SIGNAL STOP LINE,39.06233557,-77.1589878,No,No,No,No,No,No,No,No,No,Contraband and Property,Arrest,Incident to Arrest,Both,Stop,MD,02 - Automobile,2012,MERCEDES BENZ,C300,BLUE,Citation,False,ASIAN,M,CLARKSBURG,MD,MD,B - Unmarked Patrol
283,6/22/23,01:43:00,DRIVER ENTERING INTERSECTION AT FLASHING RED TRAFFIC SIGNAL WITHOUT STOPPING,39.06233557,-77.1589878,No,No,No,No,No,No,No,No,No,Contraband and Property,Arrest,Incident to Arrest,Both,Stop,MD,02 - Automobile,2012,MERCEDES BENZ,C300,BLUE,Citation,False,ASIAN,M,CLARKSBURG,MD,MD,B - Unmarked Patrol
284,6/23/23,02:33:00,EXCEEDING POSTED MAXIMUM SPEED LIMIT: 65 MPH IN A POSTED 35 MPH ZONE,39.02533667,-77.019795,No,No,No,No,No,No,No,No,No,Contraband and Property,Arrest,Incident to Arrest,Both,Stop,MD,02 - Automobile,2021,HONDA,CIVIC,BLACK,Citation,False,HISPANIC,F,ROCKVILLE,MD,MD,B - Unmarked Patrol
285,6/23/23,02:33:00,DRIVING VEHICLE WHILE UNDER THE INFLUENCE OF ALCOHOL,39.02533667,-77.019795,No,No,No,No,No,No,No,No,No,Contraband and Property,Arrest,Incident to Arrest,Both,Stop,MD,02 - Automobile,2021,HONDA,CIVIC,BLACK,Citation,False,HISPANIC,F,ROCKVILLE,MD,MD,B - Unmarked Patrol
286,6/23/23,02:33:00,DRIVING VEH. WHILE IMPAIRED BY ALCOHOL,39.02533667,-77.019795,No,No,No,No,No,No,No,No,No,Contraband and Property,Arrest,Incident to Arrest,Both,Stop,MD,02 - Automobile,2021,HONDA,CIVIC,BLACK,Citation,False,HISPANIC,F,ROCKVILLE,MD,MD,B - Unmarked Patrol
287,6/23/23,02:33:00,"NEGLIGENT DRIVING VEHICLE IN CARELESS AND IMPRUDENT MANNER ENDANGERING PROPERTY, LIFE AND PERSON",39.02533667,-77.019795,No,No,No,No,No,No,No,No,No,Contraband and Property,Arrest,Incident to Arrest,Both,Stop,MD,02 - Automobile,2021,HONDA,CIVIC,BLACK,Citation,False,HISPANIC,F,ROCKVILLE,MD,MD,B - Unmarked Patrol
288,6/23/23,02:33:00,RECKLESS DRIVING VEHICLE IN WANTON AND WILLFUL DISREGARD FOR SAFETY OF PERSONS AND PROPERTY,39.02533667,-77.019795,No,No,No,No,No,No,No,No,No,Contraband and Property,Arrest,Incident to Arrest,Both,Stop,MD,02 - Automobile,2021,HONDA,CIVIC,BLACK,Citation,False,HISPANIC,F,ROCKVILLE,MD,MD,B - Unmarked Patrol
289,6/23/23,02:33:00,DRIVER FAILURE TO OBEY PROPERLY PLACED TRAFFIC CONTROL DEVICE INSTRUCTIONS,39.02533667,-77.019795,No,No,No,No,No,No,No,No,No,Contraband and Property,Arrest,Incident to Arrest,Both,Stop,MD,02 - Automobile,2021,HONDA,CIVIC,BLACK,Citation,False,HISPANIC,F,ROCKVILLE,MD,MD,B - Unmarked Patrol
290,6/23/23,02:33:00,DRIVING VEHICLE IN EXCESS OF REASONABLE AND PRUDENT SPEED ON HIGHWAY 65/35,39.02533667,-77.019795,No,No,No,No,No,No,No,No,No,Contraband and Property,Arrest,Incident to Arrest,Both,Stop,MD,02 - Automobile,2021,HONDA,CIVIC,BLACK,Citation,False,HISPANIC,F,ROCKVILLE,MD,MD,B - Unmarked Patrol
291,6/23/23,02:33:00,FAILURE OF INDIVIDUAL DRIVING ON HIGHWAY TO DISPLAY LICENSE TO UNIFORMED POLICE ON DEMAND,39.02533667,-77.019795,No,No,No,No,No,No,No,No,No,Contraband and Property,Arrest,Incident to Arrest,Both,Stop,MD,02 - Automobile,2021,HONDA,CIVIC,BLACK,Citation,False,HISPANIC,F,ROCKVILLE,MD,MD,B - Unmarked Patrol
292,6/23/23,02:33:00,DRIVING MOTOR VEHICLE ON HIGHWAY WITHOUT REQUIRED LICENSE AND AUTHORIZATION,39.02533667,-77.019795,No,No,No,No,No,No,No,No,No,Contraband and Property,Arrest,Incident to Arrest,Both,Stop,MD,02 - Automobile,2021,HONDA,CIVIC,BLACK,Citation,False,HISPANIC,F,ROCKVILLE,MD,MD,B - Unmarked Patrol
293,6/23/23,02:33:00,FAILURE TO DISPLAY REGISTRATION CARD UPON DEMAND BY POLICE OFFICER,39.02533667,-77.019795,No,No,No,No,No,No,No,No,No,Contraband and Property,Arrest,Incident to Arrest,Both,Stop,MD,02 - Automobile,2021,HONDA,CIVIC,BLACK,Citation,False,HISPANIC,F,ROCKVILLE,MD,MD,B - Unmarked Patrol
294,6/23/23,02:33:00,DRIVING VEHICLE IN VIOLATION OF RESTRICTED LICENSE REQUIREMENT,39.02533667,-77.019795,No,No,No,No,No,No,No,No,No,Contraband and Property,Arrest,Incident to Arrest,Both,Stop,MD,02 - Automobile,2021,HONDA,CIVIC,BLACK,Citation,False,HISPANIC,F,ROCKVILLE,MD,MD,B - Unmarked Patrol
295,6/23/23,02:33:00,DRIVING VEH. NOT EQUIPPED WITH AN IGNITION INTERLOCK AS REQUIRED BY PROGRAM,39.02533667,-77.019795,No,No,No,No,No,No,No,No,No,Contraband and Property,Arrest,Incident to Arrest,Both,Stop,MD,02 - Automobile,2021,HONDA,CIVIC,BLACK,Citation,False,HISPANIC,F,ROCKVILLE,MD,MD,B - Unmarked Patrol
296,6/22/23,20:37:00,DRIVER FAILURE TO STOP AT STEADY CIRCULAR RED SIGNAL,39.14446333,-77.18383167,No,No,No,No,No,No,No,No,No,Contraband Only,Arrest,Consensual,Both,Search,MD,02 - Automobile,2008,CHEV,TK,GRAY,Warning,False,WHITE,M,ROCKVILLE,MD,MD,B - Unmarked Patrol
297,6/25/23,23:10:00,DRIVING VEH. WHILE IMPAIRED BY ALCOHOL,0.0,0.0,No,No,No,No,No,No,No,No,No,Nothing,Arrest,Incident to Arrest,Both,Stop,MD,05 - Light Duty Truck,2002,FORD,F150,GRAY,Citation,False,HISPANIC,M,GERMANTOWN,MD,MD,A - Marked Patrol
298,6/25/23,23:10:00,DRIVING VEHICLE WHILE UNDER THE INFLUENCE OF ALCOHOL,0.0,0.0,No,No,No,No,No,No,No,No,No,Nothing,Arrest,Incident to Arrest,Both,Stop,MD,05 - Light Duty Truck,2002,FORD,F150,GRAY,Citation,False,HISPANIC,M,GERMANTOWN,MD,MD,A - Marked Patrol
299,6/25/23,23:10:00,DRIVING VEHICLE WHILE UNDER THE INFLUENCE OF ALCOHOL PER SE,0.0,0.0,No,No,No,No,No,No,No,No,No,Nothing,Arrest,Incident to Arrest,Both,Stop,MD,05 - Light Duty Truck,2002,FORD,F150,GRAY,Citation,False,HISPANIC,M,GERMANTOWN,MD,MD,A - Marked Patrol
